Price,Mat_Acrylic,Mat_Cashmere,Mat_Cotton,Mat_Elastane,Mat_Lyocell,Mat_Merino Wool,Mat_Nylon,Mat_Organic Cotton,Mat_Polyamide,Mat_Polyester,Mat_Recycled Acrylic,Mat_Recycled Cashmere,Mat_Recycled Cotton,Mat_Recycled Nylon,Mat_Recycled Polyester,Mat_Recycled Wool,Mat_Viscose,Mat_Wool,Score_100,Brand_H&M,Brand_Patagonia,Brand_Penneys,Brand_Zara,Category_Man,Category_Woman,Category_Woman's Knitwear,Subcategory_Jacket,Subcategory_Jumper,Subcategory_Sweater,Subcategory_Tshirt,Subcategory_sweater
79.99,0,0,0,0,0,0,0,0,0,0,0,0,0,0,0,0,0,1,76,1,0,0,0,0,1,0,0,1,0,0,0
24.99,1,0,0,1,0,0,0,0,1,1,0,0,0,0,0,0,0,1,44,1,0,0,0,0,1,0,0,1,0,0,0
25.95,0,0,0,1,0,0,0,0,0,0,1,0,0,0,1,0,0,1,71,0,0,0,1,0,1,0,0,1,0,0,0
139.0,0,1,0,0,0,0,0,0,0,0,0,0,0,0,0,0,0,0,50,0,0,0,1,0,1,0,0,1,0,0,0
160.0,0,0,0,0,0,0,0,0,0,0,0,0,0,1,0,1,0,0,100,0,1,0,0,0,1,0,0,0,0,0,1
130.0,0,0,0,0,0,0,0,0,0,0,0,0,0,0,1,0,0,0,90,0,1,0,0,0,0,1,0,0,0,0,1
9.13,0,0,1,0,1,0,0,0,0,0,0,0,0,0,0,0,0,0,42,1,0,0,0,0,1,0,0,0,0,1,0
44.08,0,0,1,0,0,0,0,0,0,0,0,0,0,0,0,0,0,0,42,0,0,0,1,0,1,0,0,1,0,0,0
62.23,0,0,0,0,0,0,0,0,0,0,0,0,0,1,0,0,0,0,57,0,0,0,1,0,1,0,1,0,0,0,0
8.74,0,0,0,0,0,0,0,0,0,0,0,0,0,0,1,0,0,0,46,0,0,1,0,1,0,0,0,0,1,0,0
30.72,1,0,0,0,0,0,0,0,0,0,0,1,0,0,0,0,0,0,88,1,0,0,0,1,0,0,0,0,1,0,0
49.94,0,0,0,0,0,0,0,0,0,0,0,0,0,0,1,0,0,0,63,1,0,0,0,1,0,0,1,0,0,0,0
38.49,0,0,0,0,0,0,0,0,0,0,1,0,0,0,0,0,0,0,57,0,0,0,1,1,0,0,0,1,0,0,0
16.31,0,0,0,0,0,0,0,0,0,0,0,0,0,0,0,0,1,0,43,0,0,0,1,1,0,0,0,0,0,1,0
225.54,1,0,0,0,0,0,0,0,0,0,0,0,0,0,0,0,0,0,86,0,1,0,0,1,0,0,1,0,0,0,0
170.44,0,0,1,0,0,0,0,0,0,0,0,0,0,0,0,0,0,0,72,0,1,0,0,0,1,0,1,0,0,0,0
19.0,0,0,0,1,0,0,0,0,0,0,0,0,0,0,0,0,0,0,46,1,0,0,0,1,0,0,0,1,0,0,0
18.27,0,0,0,0,1,0,0,0,0,0,0,0,0,0,0,0,0,0,59,1,0,0,0,1,0,0,0,0,0,1,0
34.05,0,1,0,0,0,0,0,0,0,0,1,0,0,0,0,0,0,0,80,1,0,0,0,0,1,0,0,0,1,0,0
15.49,0,0,0,0,0,0,0,0,0,0,0,1,0,0,0,0,0,0,89,1,0,0,0,1,0,0,0,0,1,0,0
28.81,1,0,0,0,0,0,0,0,0,0,0,0,0,0,0,0,0,0,46,1,0,0,0,0,1,0,1,0,0,0,0
213.29,0,0,0,0,0,0,0,0,0,0,1,0,0,0,0,0,0,0,89,0,1,0,0,0,1,0,0,1,0,0,0
45.11,0,0,0,0,0,0,0,1,0,0,0,0,0,0,0,0,0,0,82,0,1,0,0,1,0,0,0,0,0,1,0
14.47,0,0,0,1,0,0,0,1,0,0,0,0,0,0,1,0,0,0,43,1,0,0,0,0,1,0,0,0,0,1,0
119.85,0,0,0,0,0,1,0,1,0,0,0,1,0,0,0,0,0,0,100,0,1,0,0,1,0,0,0,1,0,0,0
29.01,0,0,0,0,0,0,0,0,0,0,0,0,0,0,0,0,0,1,61,0,0,1,0,0,1,0,1,0,0,0,0
4.72,0,0,0,0,0,0,0,0,0,0,0,0,0,0,1,0,0,0,53,0,0,1,0,1,0,0,0,0,0,1,0
238.49,0,0,0,0,0,0,0,1,0,0,0,0,0,0,0,0,0,0,61,0,1,0,0,1,0,0,0,1,0,0,0
25.16,0,1,0,0,0,0,0,0,0,0,0,0,0,0,1,0,0,0,57,1,0,0,0,1,0,0,0,1,0,0,0
217.77,0,0,0,0,0,0,0,1,0,0,0,0,0,0,0,0,0,0,91,0,1,0,0,1,0,0,0,0,1,0,0
144.51,0,0,0,0,0,0,0,0,0,0,1,0,0,0,0,0,0,0,87,0,1,0,0,0,1,0,0,1,0,0,0
244.12,0,0,0,0,0,1,0,0,0,0,0,0,0,0,0,0,0,0,100,0,1,0,0,0,1,0,0,1,0,0,0
115.33,0,0,0,0,0,0,0,0,0,0,0,0,0,1,0,0,0,0,67,0,0,0,1,0,1,0,1,0,0,0,0
20.18,1,0,0,0,0,0,0,0,0,0,0,0,0,0,0,0,0,0,41,0,0,1,0,0,1,0,0,1,0,0,0
240.36,0,0,0,1,0,0,0,0,0,0,0,0,0,0,0,0,0,0,59,0,1,0,0,0,1,0,0,0,1,0,0
21.63,1,1,1,0,0,0,0,0,0,0,0,0,0,0,0,0,0,0,76,1,0,0,0,1,0,0,0,1,0,0,0
10.35,0,0,1,0,0,0,0,0,0,0,0,0,0,0,1,0,0,0,41,0,0,1,0,1,0,0,0,0,0,1,0
22.04,1,0,0,0,0,0,0,0,0,0,0,0,0,0,0,0,0,0,60,1,0,0,0,0,1,0,0,1,0,0,0
11.35,0,0,0,0,0,0,0,0,0,0,0,0,1,0,0,0,0,0,70,1,0,0,0,1,0,0,0,0,0,1,0
96.45,0,0,0,0,0,0,0,0,0,0,0,0,0,0,0,0,0,1,71,0,0,0,1,0,1,0,1,0,0,0,0
10.17,0,0,0,0,0,0,0,0,0,0,1,1,0,0,0,0,0,0,88,0,0,1,0,1,0,0,0,1,0,0,0
25.6,0,0,0,0,1,0,0,0,0,0,0,0,1,0,0,0,0,0,75,0,0,0,1,1,0,0,0,0,0,1,0
38.11,0,0,0,0,0,1,0,0,0,0,0,0,0,0,0,0,0,0,62,1,0,0,0,1,0,0,0,1,0,0,0
35.98,0,0,1,0,0,0,0,0,0,0,0,0,0,0,0,0,0,0,53,1,0,0,0,1,0,0,1,0,0,0,0
23.21,0,0,0,0,0,0,0,1,0,0,0,0,0,0,0,0,0,0,43,1,0,0,0,0,1,0,0,1,0,0,0
10.89,0,0,0,0,0,0,0,0,0,0,0,0,0,0,1,0,0,0,53,0,0,1,0,1,0,0,0,0,0,1,0
11.52,0,0,0,0,0,0,0,1,0,0,0,0,0,0,0,0,0,0,51,1,0,0,0,1,0,0,0,0,0,1,0
48.35,0,0,0,0,0,0,0,0,0,0,1,0,0,0,1,0,0,0,46,0,0,0,1,0,1,0,0,0,1,0,0
22.42,0,0,0,0,0,0,0,0,0,0,0,0,0,0,1,0,0,0,46,0,0,1,0,1,0,0,0,0,1,0,0
23.87,0,0,0,0,0,0,0,0,0,0,0,0,0,1,0,0,0,0,50,0,0,1,0,0,1,0,1,0,0,0,0
41.92,0,0,0,0,0,0,0,0,0,0,0,0,0,0,1,0,0,0,68,0,0,0,1,0,1,0,0,0,1,0,0
275.39,0,0,0,0,0,0,1,0,0,0,0,0,0,0,0,0,0,0,85,0,1,0,0,1,0,0,1,0,0,0,0
11.57,0,0,0,0,0,0,0,0,0,1,0,0,0,0,0,0,0,0,40,0,0,1,0,0,1,0,0,0,0,1,0
14.9,0,0,0,0,0,0,0,0,0,1,0,0,0,0,0,0,0,0,49,0,0,0,1,1,0,0,0,0,0,1,0
153.94,0,0,0,0,0,0,0,0,0,0,0,0,0,0,1,0,0,1,100,0,1,0,0,0,1,0,1,0,0,0,0
18.03,0,0,0,0,0,0,0,1,0,0,0,0,0,0,0,0,0,0,50,1,0,0,0,0,1,0,0,1,0,0,0
291.04,0,0,0,0,0,0,0,0,0,0,0,0,0,0,1,0,0,0,70,0,1,0,0,1,0,0,1,0,0,0,0
22.18,0,0,1,0,0,0,1,0,0,0,0,0,0,0,0,0,0,0,35,0,0,1,0,1,0,0,1,0,0,0,0
4.36,0,0,0,0,1,0,0,0,0,1,0,0,0,0,0,0,0,0,46,0,0,1,0,1,0,0,0,0,0,1,0
16.87,1,0,1,0,0,0,0,0,0,0,0,0,0,0,0,0,0,0,44,0,0,1,0,1,0,0,1,0,0,0,0
336.83,1,0,1,0,0,0,0,0,0,0,0,0,0,0,0,0,0,1,94,0,1,0,0,1,0,0,1,0,0,0,0
61.83,0,0,0,0,0,0,0,0,0,0,0,0,0,0,0,0,0,1,76,0,0,0,1,1,0,0,1,0,0,0,0
118.46,0,0,0,0,0,0,0,0,0,0,0,0,0,0,0,0,0,1,70,0,0,0,1,0,1,0,1,0,0,0,0
169.25,0,0,0,0,0,0,0,0,0,0,0,1,0,0,0,0,0,0,100,0,1,0,0,0,1,0,0,1,0,0,0
37.56,1,0,0,0,0,0,0,0,0,1,0,0,0,0,0,0,0,1,71,0,0,1,0,1,0,0,1,0,0,0,0
31.25,0,1,0,0,0,0,0,0,0,0,0,0,0,0,0,0,0,1,59,1,0,0,0,0,1,0,0,0,1,0,0
77.65,0,0,0,0,0,0,0,1,0,0,0,0,0,0,1,0,0,0,63,0,1,0,0,1,0,0,0,0,0,1,0
3.23,0,0,0,0,0,0,0,0,0,1,0,0,0,0,0,0,0,0,48,0,0,1,0,1,0,0,0,0,0,1,0
32.43,0,0,0,0,0,0,0,1,0,0,1,0,0,0,0,0,0,0,47,1,0,0,0,1,0,0,0,1,0,0,0
8.83,0,0,0,0,1,0,0,0,0,0,0,0,1,0,0,0,0,0,58,0,0,1,0,0,1,0,0,0,0,1,0
126.42,1,0,0,0,0,0,0,0,0,0,1,0,0,0,1,0,0,0,63,0,1,0,0,1,0,0,0,1,0,0,0
21.1,0,0,1,0,0,0,0,0,0,0,0,0,0,0,0,0,0,0,52,1,0,0,0,1,0,0,0,0,1,0,0
219.67,0,0,0,0,0,0,0,1,0,0,0,1,0,0,0,0,0,1,100,0,1,0,0,1,0,0,0,1,0,0,0
294.38,0,0,0,0,0,0,0,0,0,1,0,0,0,0,0,0,0,0,82,0,1,0,0,1,0,0,1,0,0,0,0
59.46,0,0,0,0,0,0,1,0,0,0,0,0,0,0,0,0,0,0,42,0,0,0,1,1,0,0,1,0,0,0,0
15.71,0,0,0,0,0,0,0,0,0,0,0,1,0,0,0,0,0,0,79,0,0,1,0,1,0,0,0,0,1,0,0
7.82,0,0,0,1,0,0,0,0,0,0,0,0,0,0,0,0,0,0,39,0,0,1,0,0,1,0,0,0,0,1,0
22.15,1,0,0,0,0,0,0,0,0,0,0,0,0,0,0,0,0,0,43,0,0,1,0,1,0,0,0,0,1,0,0
16.14,0,1,0,0,0,0,0,0,0,0,0,0,0,0,0,0,0,0,65,1,0,0,0,0,1,0,0,1,0,0,0
9.27,0,0,1,0,0,0,0,0,0,0,0,0,0,0,0,0,0,0,36,1,0,0,0,1,0,0,0,0,0,1,0
37.94,0,0,0,0,0,0,0,1,0,0,0,0,0,0,0,0,0,0,82,0,1,0,0,1,0,0,0,0,0,1,0
4.07,0,0,0,1,0,0,0,0,0,1,0,0,1,0,0,0,0,0,46,0,0,1,0,1,0,0,0,0,0,1,0
193.15,1,0,0,0,0,0,0,0,0,0,0,0,0,0,0,0,0,0,83,0,1,0,0,0,1,0,0,0,1,0,0
42.08,0,0,0,1,0,0,0,0,0,0,0,0,0,0,0,0,0,0,36,0,0,0,1,0,1,0,0,1,0,0,0
32.67,1,0,0,0,0,0,0,0,0,0,0,0,0,0,0,0,0,0,50,1,0,0,0,1,0,0,0,1,0,0,0
45.12,0,0,0,0,0,0,0,1,0,0,0,0,0,0,0,0,0,0,63,0,1,0,0,0,1,0,0,0,0,1,0
29.06,1,0,0,0,0,0,0,0,0,1,0,0,0,1,0,0,0,0,49,0,0,1,0,1,0,0,1,0,0,0,0
42.73,0,0,0,0,0,0,0,0,0,0,0,0,0,0,0,0,0,1,71,1,0,0,0,1,0,0,1,0,0,0,0
9.81,0,0,0,0,0,0,0,0,0,0,0,0,0,0,1,0,0,0,46,0,0,1,0,1,0,0,0,0,0,1,0
105.14,0,0,0,0,0,0,1,0,0,0,0,0,0,0,0,0,0,0,42,0,0,0,1,0,1,0,1,0,0,0,0
25.29,0,0,0,0,0,0,0,0,0,0,0,0,0,0,1,0,0,0,58,1,0,0,0,1,0,0,0,1,0,0,0
46.36,0,0,0,0,1,0,0,1,0,0,0,0,0,0,0,0,0,0,92,0,1,0,0,0,1,0,0,0,0,1,0
28.26,0,0,0,0,0,0,0,0,0,0,0,0,0,0,1,0,0,0,50,0,0,1,0,0,1,0,1,0,0,0,0
29.54,1,0,1,0,0,0,0,0,0,1,0,0,0,0,0,0,0,0,40,0,0,1,0,0,1,0,1,0,0,0,0
79.65,0,0,0,0,1,0,0,0,0,0,0,0,1,0,0,0,0,0,93,0,1,0,0,0,1,0,0,0,0,1,0
29.47,0,0,0,0,0,0,0,0,0,0,0,0,0,0,1,0,0,0,50,0,0,1,0,1,0,0,1,0,0,0,0
176.24,0,0,0,0,0,0,0,0,0,0,0,0,0,0,1,0,0,0,86,0,1,0,0,0,1,0,0,1,0,0,0
9.53,0,0,0,1,0,0,0,0,0,0,0,0,0,0,0,0,0,0,42,0,0,1,0,1,0,0,0,0,0,1,0
20.97,0,0,0,0,0,0,0,0,0,0,0,1,0,0,1,0,0,0,80,0,0,1,0,1,0,0,0,0,1,0,0
65.45,0,0,0,0,0,0,0,0,0,0,0,0,0,0,0,0,0,1,80,0,0,0,1,1,0,0,1,0,0,0,0
57.6,0,0,1,0,0,0,0,1,0,0,0,0,0,0,0,0,0,0,81,0,1,0,0,1,0,0,0,0,0,1,0
92.38,0,0,0,0,0,0,1,0,0,0,0,0,0,0,0,0,0,0,38,0,0,0,1,0,1,0,1,0,0,0,0
49.79,0,0,0,0,1,0,0,0,0,0,0,0,0,0,0,0,0,0,79,0,1,0,0,1,0,0,0,0,0,1,0
14.47,0,0,0,0,1,0,0,1,0,0,0,0,0,0,0,0,1,0,58,1,0,0,0,1,0,0,0,0,0,1,0
144.92,0,0,0,0,0,0,0,0,0,0,0,0,0,0,0,0,0,1,100,0,1,0,0,0,1,0,0,1,0,0,0
22.33,0,0,0,0,0,0,0,0,0,1,0,0,0,0,0,0,0,0,45,0,0,1,0,1,0,0,1,0,0,0,0
236.92,1,0,0,0,0,0,0,0,0,0,0,0,0,0,0,0,0,0,83,0,1,0,0,0,1,0,0,1,0,0,0
62.27,0,0,0,0,0,0,1,0,0,0,0,0,0,0,0,0,0,0,48,1,0,0,0,0,1,0,1,0,0,0,0
226.8,0,0,0,0,0,0,0,0,0,0,0,1,0,0,1,0,0,0,100,0,1,0,0,0,1,0,0,0,1,0,0
24.63,0,0,0,0,0,0,0,0,0,0,0,0,0,0,0,0,0,1,62,0,0,1,0,1,0,0,0,0,1,0,0
219.83,0,0,0,1,0,0,0,0,0,0,0,0,0,0,0,0,0,0,79,0,1,0,0,1,0,0,0,0,1,0,0
22.93,0,0,0,0,0,0,0,0,0,0,0,0,0,0,0,0,1,0,57,0,0,0,1,1,0,0,0,0,0,1,0
15.06,1,0,0,1,0,0,0,1,0,0,0,0,0,0,0,0,0,0,46,0,0,1,0,0,1,0,0,0,1,0,0
57.77,0,1,0,0,0,1,0,0,0,0,0,1,0,0,0,0,0,0,78,0,0,0,1,1,0,0,0,0,1,0,0
218.6,0,0,1,0,0,0,0,0,0,0,0,0,0,0,0,0,0,0,74,0,1,0,0,0,1,0,0,0,1,0,0
34.16,0,0,0,0,0,0,0,0,0,0,0,0,0,1,0,0,0,0,46,0,0,1,0,1,0,0,1,0,0,0,0
20.53,0,1,0,0,0,1,0,0,0,0,0,0,0,0,1,0,0,0,60,1,0,0,0,0,1,0,0,0,1,0,0
17.9,0,0,1,0,0,0,0,0,0,0,0,0,0,0,0,0,0,0,32,1,0,0,0,0,1,0,0,0,1,0,0
198.24,0,0,0,0,0,0,0,0,0,0,1,1,0,0,0,0,0,1,100,0,1,0,0,1,0,0,0,1,0,0,0
59.24,1,0,0,0,0,0,0,0,0,0,0,0,0,0,1,0,0,1,72,0,0,0,1,1,0,0,0,0,1,0,0
61.45,1,0,0,0,0,0,0,0,0,0,0,0,0,0,1,0,0,0,43,1,0,0,0,0,1,0,1,0,0,0,0
54.79,1,1,0,0,0,0,0,0,0,0,0,0,0,0,0,0,0,0,81,0,0,0,1,1,0,0,0,1,0,0,0
27.33,0,0,0,0,0,0,0,0,0,1,0,0,0,0,0,0,0,0,49,0,0,0,1,0,1,0,0,0,0,1,0
25.07,0,0,0,0,0,1,0,0,0,0,0,0,0,0,0,0,0,0,58,0,0,0,1,1,0,0,0,0,1,0,0
7.53,0,0,1,0,0,0,0,0,0,0,0,0,0,0,0,0,0,0,32,0,0,1,0,0,1,0,0,0,0,1,0
47.09,0,0,1,0,0,0,1,0,0,1,0,0,0,0,0,0,0,0,52,1,0,0,0,0,1,0,1,0,0,0,0
45.32,0,0,1,0,0,0,0,1,0,0,0,0,0,0,1,0,0,0,52,0,0,0,1,1,0,0,0,0,1,0,0
26.29,0,0,1,0,0,0,0,0,0,0,0,0,0,0,0,0,0,0,42,1,0,0,0,0,1,0,0,1,0,0,0
22.81,0,0,0,1,0,1,0,1,0,0,0,0,0,0,0,0,0,0,75,1,0,0,0,1,0,0,0,0,1,0,0
18.25,0,0,0,0,0,1,0,0,0,0,0,0,0,0,0,0,0,0,58,1,0,0,0,0,1,0,0,0,1,0,0
62.02,0,0,0,0,0,0,0,1,0,0,0,0,0,0,0,0,0,0,82,0,1,0,0,1,0,0,0,0,0,1,0
116.23,0,0,0,0,0,0,0,1,0,0,0,0,0,0,1,0,0,0,63,0,1,0,0,1,0,0,0,1,0,0,0
19.51,0,1,0,0,0,0,0,0,0,0,0,0,0,0,0,0,0,0,76,1,0,0,0,1,0,0,0,0,1,0,0
30.83,0,0,0,1,0,0,0,0,0,0,0,0,0,0,1,0,0,0,44,1,0,0,0,0,1,0,0,1,0,0,0
48.86,0,0,0,1,0,0,0,0,0,0,0,0,0,0,0,0,0,0,36,0,0,0,1,0,1,0,0,0,1,0,0
31.55,0,0,0,0,0,0,0,0,0,0,0,1,0,0,0,0,0,0,91,1,0,0,0,1,0,0,0,0,1,0,0
23.5,0,0,0,0,0,0,0,0,0,1,0,0,0,0,0,0,0,0,38,0,0,1,0,1,0,0,1,0,0,0,0
44.38,0,0,1,0,0,0,1,0,0,0,0,0,0,0,0,0,0,0,36,0,0,0,1,0,1,0,1,0,0,0,0
16.21,0,0,0,0,0,0,0,0,0,1,0,0,0,0,0,0,0,0,55,1,0,0,0,0,1,0,0,0,0,1,0
65.81,0,0,0,0,0,0,0,0,0,1,0,0,0,0,0,0,0,0,49,1,0,0,0,1,0,0,1,0,0,0,0
146.49,1,0,0,0,0,0,0,0,0,0,0,0,0,0,0,0,0,0,90,0,1,0,0,0,1,0,1,0,0,0,0
10.6,0,0,0,0,0,0,0,1,0,0,0,0,0,0,0,0,0,0,51,0,0,1,0,0,1,0,0,0,0,1,0
150.93,0,0,0,0,0,1,0,0,0,0,0,0,0,0,0,0,0,0,100,0,1,0,0,1,0,0,0,0,1,0,0
49.1,1,0,0,0,0,0,0,0,0,0,0,0,0,0,0,0,0,0,43,0,0,0,1,0,1,0,0,0,1,0,0
29.03,0,0,0,1,1,0,0,0,0,0,0,0,0,0,0,0,1,0,47,0,0,0,1,1,0,0,0,0,0,1,0
54.9,0,0,0,0,0,0,0,0,0,0,0,0,1,0,0,0,0,0,91,0,1,0,0,1,0,0,0,0,0,1,0
16.13,0,0,1,0,0,0,0,0,0,0,0,0,0,0,0,0,0,0,34,0,0,1,0,1,0,0,1,0,0,0,0
56.92,1,0,0,0,0,0,1,0,0,0,0,0,0,0,0,0,0,0,42,1,0,0,0,0,1,0,1,0,0,0,0
12.07,0,0,0,0,0,0,0,0,0,0,0,0,1,0,0,0,0,0,50,0,0,0,1,1,0,0,0,0,0,1,0
240.23,0,0,0,0,0,0,1,0,0,0,0,0,0,0,0,0,0,0,89,0,1,0,0,0,1,0,1,0,0,0,0
8.68,0,0,0,0,1,0,0,0,0,0,0,0,0,0,0,0,0,0,48,0,0,1,0,1,0,0,0,0,0,1,0
22.48,0,1,0,0,0,0,0,0,0,0,0,0,0,0,0,0,0,0,61,0,0,1,0,0,1,0,0,0,1,0,0
19.87,0,0,0,0,0,1,0,0,0,0,0,0,0,0,0,0,0,0,65,0,0,1,0,1,0,0,0,0,1,0,0
38.75,0,0,0,0,0,0,0,0,0,0,0,0,0,0,0,0,0,1,60,0,0,1,0,0,1,0,1,0,0,0,0
154.39,0,0,1,0,0,0,0,0,0,0,0,0,0,0,0,0,0,0,76,0,1,0,0,0,1,0,0,0,1,0,0
31.83,0,1,0,0,0,0,0,0,0,0,1,0,0,0,0,0,0,0,62,0,0,0,1,0,1,0,0,1,0,0,0
47.71,0,0,0,0,0,0,0,0,0,0,1,0,0,0,0,0,0,0,61,0,0,0,1,0,1,0,0,1,0,0,0
212.28,1,0,0,0,0,0,0,0,0,0,0,0,0,0,0,0,0,0,63,0,1,0,0,1,0,0,0,0,1,0,0
201.75,0,0,0,1,0,0,0,1,0,0,0,0,0,0,1,0,0,0,65,0,1,0,0,1,0,0,0,1,0,0,0
30.0,0,0,0,0,0,1,0,0,0,0,0,0,0,0,0,0,0,0,79,0,0,0,1,1,0,0,0,1,0,0,0
4.44,0,0,0,0,1,0,0,0,0,0,0,0,0,0,0,0,0,0,48,0,0,1,0,1,0,0,0,0,0,1,0
26.28,0,0,0,0,0,0,0,0,0,0,0,0,0,0,1,0,0,0,57,1,0,0,0,1,0,0,0,1,0,0,0
45.1,0,0,0,0,0,0,0,1,0,0,0,0,0,0,0,0,0,0,82,0,1,0,0,1,0,0,0,0,0,1,0
205.83,1,0,0,0,0,0,0,0,0,0,0,1,0,0,0,0,0,0,96,0,1,0,0,1,0,0,0,1,0,0,0
47.96,0,0,0,0,0,0,0,0,0,0,0,0,0,0,1,0,0,0,86,0,1,0,0,1,0,0,0,0,0,1,0
72.65,0,0,0,0,0,0,0,1,0,0,0,0,0,0,0,0,0,0,61,0,1,0,0,1,0,0,0,0,0,1,0
33.44,0,0,0,0,0,0,0,0,0,0,0,0,0,0,0,0,0,1,70,0,0,1,0,0,1,0,1,0,0,0,0
38.84,0,0,0,0,0,0,0,0,0,0,1,0,0,0,1,0,0,0,56,1,0,0,0,0,1,0,0,0,1,0,0
16.69,0,1,0,0,0,0,0,0,0,0,1,0,0,0,0,0,0,1,74,1,0,0,0,0,1,0,0,0,1,0,0
78.28,0,0,1,0,0,0,0,0,0,0,0,0,0,0,0,0,0,0,49,0,0,0,1,0,1,0,1,0,0,0,0
21.45,1,0,1,0,0,0,0,1,0,0,0,0,0,0,0,0,0,0,50,0,0,1,0,0,1,0,0,1,0,0,0
23.92,0,0,0,0,0,0,0,0,0,0,1,0,0,0,0,0,0,0,58,1,0,0,0,0,1,0,0,1,0,0,0
197.98,0,0,0,0,0,0,1,0,0,0,0,0,0,0,0,0,0,0,62,0,1,0,0,0,1,0,1,0,0,0,0
6.82,0,0,0,0,0,0,0,0,0,0,0,0,0,0,0,0,1,0,50,0,0,1,0,1,0,0,0,0,0,1,0
14.91,0,0,0,0,1,0,0,0,0,0,0,0,0,0,0,0,0,0,52,1,0,0,0,1,0,0,0,0,0,1,0
106.35,0,0,0,0,0,0,0,0,0,0,0,0,0,0,0,0,0,1,100,0,1,0,0,1,0,0,0,0,1,0,0
220.16,0,0,0,1,0,0,0,0,0,0,0,0,0,0,0,0,0,0,76,0,1,0,0,0,1,0,0,0,1,0,0
38.03,0,0,0,0,0,0,0,1,0,0,0,0,0,0,0,0,0,0,92,0,1,0,0,1,0,0,0,0,0,1,0
166.59,0,0,0,0,0,0,0,0,0,0,0,0,0,0,1,0,0,0,93,0,1,0,0,0,1,0,0,0,1,0,0
8.44,0,0,0,0,0,0,0,1,0,0,0,0,0,0,0,0,0,0,45,0,0,1,0,0,1,0,0,1,0,0,0
21.51,0,0,1,0,0,1,0,0,0,0,0,1,0,0,0,0,0,0,69,1,0,0,0,1,0,0,0,0,1,0,0
74.43,0,0,0,0,0,0,1,0,0,1,0,0,0,0,0,0,0,1,83,1,0,0,0,1,0,0,1,0,0,0,0
20.06,0,0,0,0,0,1,0,0,0,0,0,0,0,0,0,0,0,0,69,0,0,1,0,0,1,0,0,1,0,0,0
51.61,0,0,0,0,0,0,0,0,0,0,1,0,0,0,0,0,0,0,58,0,0,0,1,0,1,0,0,1,0,0,0
16.19,0,0,0,0,1,0,0,0,0,0,0,0,0,0,0,0,0,0,58,0,0,0,1,1,0,0,0,0,0,1,0
22.97,0,0,0,0,0,0,0,1,0,0,0,0,0,0,0,0,0,0,51,0,0,0,1,1,0,0,0,0,1,0,0
112.86,0,0,0,0,0,0,1,0,0,0,0,0,0,0,0,0,0,0,38,0,0,0,1,0,1,0,1,0,0,0,0
24.11,0,0,0,0,0,0,0,1,0,0,0,0,0,0,0,0,0,0,42,0,0,1,0,1,0,0,0,1,0,0,0
13.15,0,0,0,1,0,0,0,0,0,0,0,0,0,0,0,0,0,0,35,0,0,1,0,0,1,0,0,1,0,0,0
44.98,0,0,0,0,0,1,0,0,0,0,0,0,0,0,0,0,0,1,75,0,0,0,1,1,0,0,0,1,0,0,0
91.12,0,0,0,0,0,0,1,0,0,0,0,0,0,0,0,0,0,0,38,0,0,0,1,1,0,0,1,0,0,0,0
110.95,0,0,1,0,0,0,0,0,0,0,0,0,0,0,0,0,0,0,79,0,1,0,0,0,1,0,0,0,1,0,0
22.65,0,0,0,0,0,0,0,1,0,0,1,0,0,0,0,0,0,0,55,0,0,1,0,1,0,0,0,1,0,0,0
26.66,0,0,0,0,0,1,0,0,0,0,0,0,0,0,0,0,0,0,62,1,0,0,0,1,0,0,0,0,1,0,0
341.42,0,0,1,0,0,0,0,0,0,0,0,0,0,1,1,0,0,0,69,0,1,0,0,0,1,0,1,0,0,0,0
234.4,0,0,0,0,0,0,0,0,0,0,0,0,0,0,1,0,0,0,96,0,1,0,0,0,1,0,1,0,0,0,0
5.53,0,0,0,0,0,0,0,1,0,0,0,0,0,0,0,0,0,0,43,0,0,1,0,1,0,0,0,0,0,1,0
209.13,0,0,0,0,0,0,0,0,0,0,0,0,0,0,0,0,0,1,100,0,1,0,0,1,0,0,0,1,0,0,0
31.54,0,0,0,0,0,0,0,1,0,0,0,0,0,0,0,0,0,0,41,0,0,0,1,1,0,0,0,0,1,0,0
24.85,0,0,0,0,0,0,0,1,0,0,0,1,0,0,0,0,0,0,72,1,0,0,0,1,0,0,0,1,0,0,0
7.06,0,0,0,0,0,0,0,0,0,0,0,0,1,0,0,0,0,0,63,1,0,0,0,1,0,0,0,0,0,1,0
14.68,0,0,0,0,0,0,0,1,0,0,0,0,0,0,0,0,0,0,52,0,0,1,0,1,0,0,0,0,1,0,0
222.36,0,0,0,0,0,0,0,0,0,0,0,0,0,0,1,0,0,0,97,0,1,0,0,1,0,0,0,0,1,0,0
78.19,0,0,0,0,0,0,0,0,0,0,0,0,0,0,1,0,0,0,67,1,0,0,0,0,1,0,1,0,0,0,0
42.9,0,0,0,0,0,0,0,0,0,0,1,0,0,0,0,0,0,0,51,0,0,0,1,0,1,0,0,1,0,0,0
175.27,0,0,0,0,0,0,0,1,0,0,1,0,0,0,0,0,0,0,63,0,1,0,0,1,0,0,0,1,0,0,0
340.04,0,0,0,0,0,0,1,0,0,0,0,0,0,0,0,0,0,0,78,0,1,0,0,1,0,0,1,0,0,0,0
43.72,0,0,0,0,0,0,1,0,0,0,0,0,0,0,0,0,0,0,38,0,0,1,0,1,0,0,1,0,0,0,0
19.98,1,0,0,0,0,0,0,0,0,0,0,0,0,0,0,0,0,0,43,0,0,1,0,1,0,0,0,1,0,0,0
9.09,0,0,1,0,0,0,0,0,0,0,0,0,0,0,1,0,0,0,45,0,0,1,0,1,0,0,0,0,0,1,0
11.32,0,0,0,0,0,0,0,0,0,0,0,0,0,0,1,0,0,0,50,0,0,1,0,1,0,0,0,0,0,1,0
18.47,0,0,0,0,0,0,0,1,0,0,0,0,0,0,0,0,0,0,45,0,0,1,0,0,1,0,0,1,0,0,0
24.01,0,1,0,0,0,0,0,0,0,0,0,0,0,0,0,0,0,0,54,0,0,0,1,1,0,0,0,1,0,0,0
114.8,0,0,1,0,0,0,0,0,0,0,0,0,0,0,0,0,0,0,41,0,0,0,1,1,0,0,1,0,0,0,0
3.81,0,0,0,0,0,0,0,0,0,1,0,0,1,0,0,0,0,0,49,0,0,1,0,0,1,0,0,0,0,1,0
17.94,0,0,1,1,0,0,0,0,0,0,0,0,1,0,0,0,0,0,52,0,0,0,1,1,0,0,0,0,0,1,0
24.81,1,0,0,0,0,1,0,0,0,0,0,1,0,0,0,0,0,0,73,0,0,1,0,1,0,0,0,0,1,0,0
15.8,0,0,0,0,0,0,0,0,0,0,1,0,0,0,0,0,0,0,54,0,0,1,0,1,0,0,0,1,0,0,0
18.39,0,0,0,0,0,1,0,0,0,0,0,0,0,0,0,0,0,0,68,0,0,1,0,1,0,0,0,1,0,0,0
79.18,0,0,1,0,0,0,0,1,0,0,0,0,0,0,0,0,0,0,87,0,1,0,0,1,0,0,0,0,0,1,0
17.9,0,0,0,0,0,0,0,0,0,0,0,1,0,0,0,0,0,0,79,0,0,1,0,0,1,0,0,0,1,0,0
9.6,0,0,0,0,0,0,0,1,0,0,0,0,1,0,0,0,1,0,44,1,0,0,0,1,0,0,0,0,0,1,0
39.13,0,0,0,0,0,0,0,1,0,0,0,0,0,0,0,0,0,0,62,0,0,0,1,1,0,0,0,1,0,0,0
18.93,0,0,1,0,1,0,0,0,0,0,0,0,0,0,0,0,0,0,46,0,0,0,1,1,0,0,0,0,0,1,0
54.18,0,0,0,1,0,0,0,0,0,0,0,0,0,0,0,0,0,0,36,0,0,0,1,1,0,0,0,1,0,0,0
40.94,0,0,0,0,1,0,0,0,0,0,0,0,0,0,0,0,0,0,92,0,1,0,0,1,0,0,0,0,0,1,0
5.29,0,0,1,0,0,0,0,0,0,0,0,0,0,0,0,0,0,0,36,0,0,1,0,0,1,0,0,0,0,1,0
109.56,1,0,0,0,0,0,0,0,0,0,0,0,0,0,1,0,0,1,100,0,1,0,0,0,1,0,0,0,1,0,0
119.43,1,0,0,0,0,0,0,0,0,1,0,0,0,1,0,0,0,0,46,0,0,0,1,1,0,0,1,0,0,0,0
11.94,0,0,0,0,0,0,0,0,0,1,0,0,0,0,0,0,0,0,38,0,0,1,0,1,0,0,0,0,0,1,0
11.95,0,0,0,0,0,0,0,0,0,1,0,0,0,0,0,0,0,0,38,1,0,0,0,1,0,0,0,0,0,1,0
11.2,0,0,0,1,0,0,0,0,0,0,0,1,0,0,0,0,0,1,66,0,0,1,0,0,1,0,0,1,0,0,0
21.88,0,0,1,0,0,0,0,0,0,0,0,0,0,0,0,0,0,0,33,0,0,0,1,1,0,0,0,0,0,1,0
54.55,1,0,0,0,0,0,0,0,0,0,0,0,0,0,0,0,0,0,46,0,0,0,1,0,1,0,0,1,0,0,0
13.13,1,0,0,0,0,0,0,0,0,0,0,0,0,0,0,0,0,0,39,0,0,1,0,0,1,0,0,0,1,0,0
11.54,0,0,1,0,0,0,0,0,0,0,0,0,0,0,0,0,0,0,42,0,0,1,0,0,1,0,0,0,0,1,0
30.73,0,0,0,0,0,0,0,0,0,0,0,0,0,1,0,0,0,0,56,0,0,1,0,1,0,0,1,0,0,0,0
107.95,1,0,0,0,0,0,0,0,0,0,0,0,0,1,0,0,0,0,57,0,0,0,1,1,0,0,1,0,0,0,0
130.5,0,0,0,0,0,0,0,1,0,0,0,1,0,0,0,0,0,0,100,0,1,0,0,0,1,0,0,1,0,0,0
38.28,0,0,0,0,0,0,0,0,0,0,0,0,1,0,0,0,0,0,93,0,1,0,0,0,1,0,0,0,0,1,0
39.05,0,0,0,0,0,0,0,0,0,0,0,1,0,0,1,0,0,0,95,1,0,0,0,0,1,0,0,1,0,0,0
269.21,0,0,0,0,0,0,0,0,0,0,0,0,0,1,0,0,0,0,88,0,1,0,0,1,0,0,1,0,0,0,0
155.61,0,0,0,0,0,0,0,0,0,0,0,1,0,0,0,0,0,0,98,0,1,0,0,1,0,0,0,0,1,0,0
38.37,0,0,0,0,0,0,0,0,0,0,1,0,0,0,0,0,0,0,49,1,0,0,0,1,0,0,0,0,1,0,0
92.37,0,0,1,0,0,0,0,0,0,0,0,0,0,1,0,0,0,1,72,0,0,0,1,1,0,0,1,0,0,0,0
20.25,0,0,0,0,0,0,0,1,0,0,0,0,0,0,0,0,0,1,73,0,0,1,0,1,0,0,0,1,0,0,0
5.1,0,0,0,0,0,0,0,0,0,0,0,0,1,0,0,0,0,0,53,1,0,0,0,0,1,0,0,0,0,1,0
192.68,0,0,0,0,0,0,0,1,0,0,0,0,0,0,0,0,0,0,85,0,1,0,0,1,0,0,0,0,1,0,0
15.83,0,0,0,0,1,0,0,0,0,0,0,0,0,0,0,0,0,0,59,1,0,0,0,1,0,0,0,0,0,1,0
7.23,0,0,0,0,0,0,0,0,0,0,0,0,0,0,0,0,1,0,43,1,0,0,0,0,1,0,0,0,0,1,0
78.17,0,0,1,0,0,0,0,0,0,0,0,0,1,0,0,0,0,0,61,0,1,0,0,1,0,0,0,0,0,1,0
11.08,0,0,1,0,0,0,0,0,0,0,0,0,0,0,0,0,0,0,42,1,0,0,0,1,0,0,0,0,0,1,0
300.41,0,0,0,0,0,0,0,0,0,0,0,0,0,0,1,0,0,1,88,0,1,0,0,0,1,0,1,0,0,0,0
238.62,0,0,0,0,0,0,0,0,0,0,0,0,0,0,0,0,0,1,100,0,1,0,0,1,0,0,0,0,1,0,0
8.28,0,0,0,0,0,0,0,0,0,1,0,0,0,0,0,0,0,0,39,0,0,1,0,1,0,0,0,0,0,1,0
213.34,0,0,0,0,0,0,0,0,0,0,1,0,0,0,0,0,0,0,87,0,1,0,0,0,1,0,0,0,1,0,0
111.4,1,0,0,0,0,0,0,0,0,0,0,0,0,0,0,0,0,0,70,0,1,0,0,1,0,0,0,1,0,0,0
201.84,1,0,0,0,0,0,0,0,0,0,0,0,0,0,0,0,0,0,89,0,1,0,0,1,0,0,1,0,0,0,0
21.16,0,0,0,0,0,0,0,0,0,0,0,0,0,0,1,0,0,0,56,1,0,0,0,0,1,0,0,0,1,0,0
115.98,1,0,0,0,0,0,0,0,0,0,0,0,0,0,0,0,0,0,81,0,1,0,0,0,1,0,0,0,1,0,0
26.22,0,0,0,0,0,0,0,0,0,0,1,0,0,0,0,0,0,0,67,1,0,0,0,1,0,0,0,1,0,0,0
53.62,0,0,0,0,0,0,0,1,0,0,0,0,1,0,0,0,0,0,84,0,1,0,0,0,1,0,0,0,0,1,0
30.74,1,0,0,0,0,0,0,0,0,0,0,0,0,0,0,0,0,0,40,0,0,0,1,0,1,0,0,0,1,0,0
46.33,0,0,0,0,0,0,0,1,0,0,0,0,0,0,0,0,0,0,85,0,1,0,0,0,1,0,0,0,0,1,0
57.95,0,0,1,0,0,0,0,0,0,0,1,0,0,0,1,0,0,0,65,0,0,0,1,1,0,0,0,0,1,0,0
44.13,0,0,0,0,0,0,0,0,0,0,0,0,0,0,1,0,0,0,70,0,0,0,1,0,1,0,0,0,1,0,0
156.41,0,0,0,1,0,0,0,0,0,0,0,0,0,0,0,0,0,0,86,0,1,0,0,1,0,0,0,1,0,0,0
19.23,0,0,0,0,1,0,0,0,0,0,0,0,0,0,0,0,1,0,50,0,0,0,1,0,1,0,0,0,0,1,0
19.2,0,0,0,1,0,0,0,0,0,0,0,0,0,0,0,0,0,0,45,0,0,1,0,1,0,0,0,1,0,0,0
236.52,0,0,0,0,0,0,1,0,0,0,0,0,0,0,0,0,0,0,58,0,1,0,0,1,0,0,1,0,0,0,0
8.72,0,0,1,0,0,0,0,0,0,0,0,0,0,0,0,0,0,0,44,1,0,0,0,1,0,0,0,0,0,1,0
15.32,1,0,0,0,0,0,0,0,0,0,0,0,0,0,0,0,0,0,43,0,0,1,0,1,0,0,1,0,0,0,0
71.29,0,0,0,0,0,0,1,0,0,1,0,0,0,1,0,0,0,0,60,0,0,0,1,0,1,0,1,0,0,0,0
22.8,0,0,0,0,0,0,0,0,0,0,1,0,0,0,0,0,0,0,51,1,0,0,0,1,0,0,0,1,0,0,0
135.45,0,0,0,0,0,0,1,0,0,0,0,0,0,0,0,0,0,0,78,0,1,0,0,0,1,0,1,0,0,0,0
26.98,0,0,1,0,0,0,0,0,0,0,0,0,0,0,0,0,0,0,43,0,0,0,1,0,1,0,0,1,0,0,0
196.07,0,0,0,1,0,0,0,0,0,0,0,0,0,0,0,0,0,0,65,0,1,0,0,1,0,0,0,1,0,0,0
121.02,0,0,0,0,0,0,0,0,0,0,0,0,0,0,0,0,0,1,84,0,1,0,0,0,1,0,1,0,0,0,0
18.08,0,0,0,1,0,0,0,0,0,0,0,0,0,0,0,0,0,0,46,1,0,0,0,0,1,0,0,0,0,1,0
158.3,0,0,1,0,0,0,0,0,0,0,0,0,0,0,0,0,0,0,73,0,1,0,0,1,0,0,0,0,1,0,0
4.21,0,0,0,0,0,0,0,0,0,0,0,0,1,0,0,0,0,0,53,0,0,1,0,0,1,0,0,0,0,1,0
14.6,0,0,1,0,0,0,0,0,0,0,0,0,0,0,0,0,0,0,42,0,0,1,0,0,1,0,0,1,0,0,0
31.55,0,0,0,0,0,0,0,0,0,0,1,0,0,0,0,0,0,1,83,0,0,0,1,0,1,0,0,1,0,0,0
80.44,0,0,0,0,0,0,0,0,0,0,0,0,0,1,0,0,0,0,76,0,0,0,1,1,0,0,1,0,0,0,0
184.81,0,0,0,0,0,0,0,0,0,0,0,1,0,0,0,0,0,0,100,0,1,0,0,0,1,0,0,1,0,0,0
99.4,1,0,0,0,0,0,0,0,0,0,0,0,0,0,0,0,0,0,39,0,0,0,1,1,0,0,1,0,0,0,0
9.47,0,0,0,0,0,0,0,0,0,1,0,0,0,0,0,0,0,0,48,0,0,1,0,0,1,0,0,0,0,1,0
5.37,0,0,0,0,0,0,0,1,0,1,0,0,0,0,0,0,0,0,45,0,0,1,0,0,1,0,0,0,0,1,0
33.48,1,0,1,0,0,0,1,0,0,0,0,0,0,0,0,0,0,0,42,0,0,1,0,0,1,0,1,0,0,0,0
31.71,0,1,0,0,0,0,0,0,0,0,0,0,0,0,1,0,0,0,85,0,0,0,1,1,0,0,0,0,1,0,0
25.85,1,1,1,0,0,0,0,0,0,0,0,0,0,0,0,0,0,0,74,0,0,0,1,1,0,0,0,1,0,0,0
70.76,0,0,1,0,0,0,0,0,0,0,0,0,0,0,0,0,0,0,82,0,1,0,0,0,1,0,0,0,0,1,0
24.82,0,0,1,0,0,0,1,0,0,0,0,0,0,0,0,0,0,1,66,0,0,1,0,0,1,0,1,0,0,0,0
78.25,0,0,1,0,0,0,0,0,0,0,0,0,0,0,0,0,0,0,36,1,0,0,0,0,1,0,1,0,0,0,0
67.5,0,0,1,0,0,0,0,0,0,0,0,0,0,0,0,0,0,0,43,0,0,0,1,0,1,0,1,0,0,0,0
26.41,1,1,0,0,0,0,0,0,0,0,0,0,0,0,0,0,0,0,76,1,0,0,0,1,0,0,0,1,0,0,0
17.06,1,0,0,0,0,0,0,0,0,0,0,0,0,0,0,0,0,0,50,1,0,0,0,0,1,0,0,0,1,0,0
39.28,0,0,0,0,0,0,0,1,0,0,0,0,0,0,0,0,0,0,85,0,1,0,0,0,1,0,0,0,0,1,0
66.3,0,0,0,0,1,0,0,0,0,0,0,0,0,0,0,0,0,0,98,0,1,0,0,0,1,0,0,0,0,1,0
71.27,0,0,1,0,0,0,0,0,0,0,0,0,0,0,0,0,0,0,83,0,1,0,0,0,1,0,0,0,0,1,0
41.22,0,0,0,0,0,0,0,0,0,0,0,1,0,0,0,0,0,0,94,0,0,0,1,0,1,0,0,1,0,0,0
169.97,0,0,1,0,0,0,1,0,0,0,0,0,0,1,0,0,0,0,68,0,1,0,0,0,1,0,1,0,0,0,0
23.37,0,0,0,1,0,0,0,1,0,0,0,1,0,0,0,0,0,0,88,0,0,0,1,1,0,0,0,0,1,0,0
24.65,0,0,0,0,0,1,0,0,0,0,0,0,0,0,0,0,0,0,72,1,0,0,0,0,1,0,0,1,0,0,0
14.58,0,1,0,0,0,0,0,0,0,0,0,0,0,0,0,0,0,0,61,0,0,1,0,1,0,0,0,0,1,0,0
61.43,0,0,0,0,0,0,0,1,0,0,0,0,0,0,0,0,0,0,63,0,1,0,0,0,1,0,0,0,0,1,0
206.89,0,0,0,1,0,0,0,1,0,0,0,0,0,0,0,0,0,0,90,0,1,0,0,1,0,0,0,0,1,0,0
3.71,0,0,0,0,1,0,0,0,0,0,0,0,0,0,0,0,0,0,55,0,0,1,0,0,1,0,0,0,0,1,0
25.94,0,0,0,0,0,0,0,0,0,0,0,0,0,0,1,0,0,0,47,1,0,0,0,0,1,0,0,0,1,0,0
33.54,0,1,0,0,0,0,0,0,0,0,0,0,0,0,0,0,0,0,60,1,0,0,0,0,1,0,0,0,1,0,0
177.58,1,0,0,0,0,0,0,0,0,0,0,0,0,0,0,0,0,0,66,0,1,0,0,1,0,0,0,0,1,0,0
17.11,0,0,0,0,0,0,0,1,0,0,0,0,0,0,0,0,0,0,41,1,0,0,0,1,0,0,0,0,0,1,0
10.73,0,0,0,0,0,0,0,1,0,0,0,0,0,0,0,0,0,0,52,0,0,1,0,0,1,0,0,0,0,1,0
27.72,0,0,1,0,0,0,0,0,0,0,0,0,0,0,0,0,0,0,33,1,0,0,0,0,1,0,0,1,0,0,0
21.41,0,0,0,0,0,0,0,0,0,0,0,0,0,0,1,0,0,0,70,0,0,0,1,1,0,0,0,1,0,0,0
6.36,0,0,1,0,0,0,0,0,0,0,0,0,0,0,0,0,0,0,39,0,0,1,0,0,1,0,0,0,0,1,0
73.97,0,0,0,0,1,0,0,0,0,0,0,0,0,0,0,0,0,0,99,0,1,0,0,1,0,0,0,0,0,1,0
51.38,0,0,1,0,0,0,0,0,0,0,0,0,0,0,0,0,0,0,46,0,0,0,1,0,1,0,0,0,1,0,0
57.3,0,0,0,0,0,0,0,0,0,0,0,0,0,0,0,0,0,1,74,0,0,0,1,0,1,0,0,1,0,0,0
130.78,0,0,0,0,0,0,0,0,0,0,0,0,0,0,0,0,0,1,90,0,1,0,0,0,1,0,0,0,1,0,0
21.76,0,0,0,0,0,0,0,0,0,0,1,0,0,0,0,0,0,0,47,0,0,0,1,0,1,0,0,0,1,0,0
7.0,0,0,1,0,0,0,0,0,0,0,0,0,0,0,0,0,0,0,33,1,0,0,0,1,0,0,0,0,0,1,0
30.44,1,0,1,0,0,0,0,0,0,0,1,0,0,0,0,0,0,0,51,0,0,0,1,1,0,0,0,1,0,0,0
50.81,0,0,1,0,0,0,0,0,0,0,0,0,0,0,0,0,0,0,39,0,0,0,1,0,1,0,0,1,0,0,0
51.12,0,0,1,0,0,0,0,0,0,0,0,0,0,0,0,0,0,0,56,0,1,0,0,0,1,0,0,0,0,1,0
32.15,0,1,0,0,0,1,0,0,0,0,0,1,0,0,0,0,0,0,80,1,0,0,0,0,1,0,0,1,0,0,0
35.5,0,0,0,1,0,0,0,1,0,0,0,1,0,0,0,0,0,0,69,1,0,0,0,0,1,0,0,0,1,0,0
15.3,0,0,0,0,0,0,0,0,0,0,0,0,0,0,1,0,0,0,53,1,0,0,0,0,1,0,0,1,0,0,0
16.87,0,1,0,0,0,1,0,0,0,0,1,0,0,0,0,0,0,0,65,1,0,0,0,0,1,0,0,0,1,0,0
76.59,0,0,0,0,0,0,0,0,0,0,0,0,0,0,1,0,0,0,96,0,1,0,0,1,0,0,0,0,0,1,0
56.33,0,1,0,0,0,0,0,0,0,0,0,0,0,0,0,0,0,0,52,0,0,0,1,1,0,0,0,0,1,0,0
36.48,0,0,0,0,0,0,0,0,0,0,0,0,0,0,1,0,0,0,47,0,0,0,1,1,0,0,0,0,1,0,0
59.76,0,0,1,1,0,0,0,1,0,0,0,0,0,0,0,0,0,0,46,0,0,0,1,0,1,0,0,1,0,0,0
20.39,0,0,1,0,0,0,0,0,0,0,0,0,0,0,0,0,0,0,36,0,0,1,0,1,0,0,1,0,0,0,0
11.92,0,0,0,0,0,0,0,0,0,1,0,0,0,0,0,0,1,0,43,0,0,1,0,1,0,0,0,0,0,1,0
52.65,0,0,0,0,0,0,0,0,0,0,0,0,0,0,1,0,0,0,50,0,0,0,1,0,1,0,0,0,1,0,0
43.7,0,1,0,1,0,0,0,0,0,0,0,1,0,0,0,0,0,0,86,0,0,0,1,1,0,0,0,1,0,0,0
8.65,0,0,0,0,0,0,0,0,0,0,0,0,0,0,0,0,0,1,64,0,0,1,0,0,1,0,0,1,0,0,0
76.31,0,0,0,0,0,0,0,1,0,0,0,0,0,0,0,0,0,0,68,0,1,0,0,0,1,0,0,0,0,1,0
4.33,0,0,0,0,0,0,0,1,0,0,0,0,1,0,0,0,1,0,45,0,0,1,0,0,1,0,0,0,0,1,0
48.58,0,0,0,0,1,0,0,1,0,0,0,0,1,0,0,0,0,0,95,0,1,0,0,0,1,0,0,0,0,1,0
18.01,1,0,0,0,0,0,0,0,0,0,0,0,0,0,0,0,0,0,49,0,0,1,0,0,1,0,0,1,0,0,0
20.07,0,0,0,0,0,0,0,0,0,0,1,0,0,0,0,0,0,0,58,0,0,0,1,1,0,0,0,1,0,0,0
43.21,0,0,0,0,0,0,1,0,0,0,0,0,0,0,0,0,0,0,42,1,0,0,0,0,1,0,1,0,0,0,0
15.28,0,0,0,0,0,0,0,0,0,0,1,0,0,0,0,0,0,0,51,1,0,0,0,0,1,0,0,0,1,0,0
10.79,0,0,0,0,1,0,0,0,0,0,0,0,1,0,1,0,0,0,54,1,0,0,0,1,0,0,0,0,0,1,0
167.69,1,0,0,0,0,0,0,0,0,0,0,0,0,0,0,0,0,0,61,0,1,0,0,0,1,0,0,1,0,0,0
37.2,0,0,0,0,0,1,0,0,0,0,0,0,0,0,0,0,0,0,58,1,0,0,0,0,1,0,0,0,1,0,0
77.41,0,0,0,0,0,0,0,1,0,0,0,0,0,0,0,0,0,0,91,0,1,0,0,0,1,0,0,0,0,1,0
84.33,0,0,0,0,0,0,0,0,0,1,0,0,0,0,0,0,0,0,40,0,0,0,1,1,0,0,1,0,0,0,0
154.12,0,0,0,1,0,0,0,0,0,0,0,0,0,0,0,0,0,0,76,0,1,0,0,1,0,0,0,1,0,0,0
7.56,0,0,0,0,0,0,0,1,0,0,0,0,0,0,0,0,0,0,42,1,0,0,0,1,0,0,0,0,0,1,0
325.82,0,0,0,0,0,0,0,0,0,0,0,0,0,1,0,0,0,0,86,0,1,0,0,1,0,0,1,0,0,0,0
166.87,0,0,0,0,0,0,0,0,0,0,0,1,0,0,0,0,0,0,100,0,1,0,0,1,0,0,0,0,1,0,0
32.41,0,0,0,0,0,0,0,1,0,0,0,0,0,0,0,0,0,0,42,1,0,0,0,0,1,0,0,1,0,0,0
17.74,0,0,0,1,0,0,0,0,0,0,0,0,0,0,0,0,0,0,45,0,0,0,1,1,0,0,0,0,0,1,0
159.22,0,0,0,0,0,0,0,1,0,0,0,0,0,0,0,0,0,0,61,0,1,0,0,0,1,0,0,0,1,0,0
18.98,0,0,1,0,0,0,0,0,0,1,0,0,0,0,0,0,0,0,39,0,0,0,1,0,1,0,0,0,0,1,0
194.08,0,0,0,0,0,1,0,0,0,0,0,0,0,0,1,0,0,0,100,0,1,0,0,1,0,0,0,1,0,0,0
15.79,0,1,0,0,0,0,0,0,0,0,0,0,0,0,1,0,0,0,75,0,0,1,0,0,1,0,0,0,1,0,0
21.25,0,0,0,0,1,0,0,0,0,1,0,0,1,0,0,0,0,0,68,0,0,0,1,0,1,0,0,0,0,1,0
25.07,0,0,0,0,0,0,0,0,0,0,1,0,0,0,0,0,0,0,58,1,0,0,0,1,0,0,0,1,0,0,0
103.03,0,0,1,0,0,0,0,0,0,0,0,0,0,0,0,0,0,0,54,0,1,0,0,1,0,0,0,0,1,0,0
22.51,0,0,0,0,0,0,0,0,0,0,0,0,0,0,1,0,0,0,67,1,0,0,0,1,0,0,0,1,0,0,0
113.07,1,0,1,0,0,0,0,0,0,1,0,0,0,0,0,0,0,0,50,0,0,0,1,1,0,0,1,0,0,0,0
38.42,0,0,1,0,0,0,0,0,0,0,0,0,0,0,0,0,0,0,39,0,0,1,0,0,1,0,1,0,0,0,0
10.66,0,0,0,0,1,0,0,0,0,1,0,0,0,0,0,0,1,0,64,0,0,0,1,0,1,0,0,0,0,1,0
27.22,0,0,0,1,0,0,0,1,0,0,1,0,0,0,0,0,0,0,47,1,0,0,0,1,0,0,0,1,0,0,0
3.25,0,0,0,0,0,0,0,0,0,1,0,0,0,0,0,0,1,0,49,0,0,1,0,0,1,0,0,0,0,1,0
46.06,0,1,0,0,0,0,0,0,0,0,0,0,0,0,0,0,0,0,61,0,0,0,1,0,1,0,0,1,0,0,0
52.2,0,0,0,0,0,0,0,0,0,0,0,0,0,0,1,0,0,0,68,0,0,0,1,1,0,0,0,0,1,0,0
13.14,0,0,0,0,0,0,0,0,0,0,1,0,0,0,0,0,0,0,47,0,0,1,0,1,0,0,0,1,0,0,0
9.84,1,0,0,1,0,0,0,1,0,0,0,0,0,0,0,0,0,0,50,0,0,1,0,0,1,0,0,0,1,0,0
50.62,0,1,0,0,0,0,0,0,0,0,0,0,0,0,0,0,0,0,75,0,0,0,1,0,1,0,0,1,0,0,0
14.88,0,0,0,0,0,0,0,0,0,0,0,1,0,0,0,0,0,0,81,0,0,1,0,0,1,0,0,0,1,0,0
145.03,0,0,0,0,0,1,0,0,0,0,0,0,0,0,0,0,0,0,98,0,1,0,0,0,1,0,0,0,1,0,0
23.29,1,0,0,0,0,0,0,0,0,0,0,0,0,0,0,0,0,0,43,0,0,1,0,0,1,0,0,1,0,0,0
139.08,0,0,1,0,0,1,0,0,0,0,0,0,0,0,0,0,0,1,84,0,1,0,0,1,0,0,0,0,1,0,0
41.41,0,0,0,0,0,0,0,0,0,0,0,0,0,0,1,0,0,0,53,1,0,0,0,0,1,0,1,0,0,0,0
229.36,0,1,0,0,0,0,0,0,0,0,0,0,0,0,0,0,0,0,90,0,1,0,0,0,1,0,0,1,0,0,0
9.1,0,0,0,0,0,0,0,1,0,0,0,0,0,0,0,0,0,0,48,1,0,0,0,0,1,0,0,0,0,1,0
218.68,1,0,0,0,0,0,0,0,0,0,0,0,0,0,0,0,0,0,89,0,1,0,0,1,0,0,1,0,0,0,0
9.81,0,0,0,0,0,0,0,0,0,1,0,0,0,0,0,0,0,0,39,0,0,1,0,0,1,0,0,0,0,1,0
25.16,0,1,0,0,0,0,0,0,0,0,0,0,0,0,0,0,0,0,50,0,0,0,1,1,0,0,0,0,1,0,0
26.4,0,0,1,0,0,0,0,0,0,0,1,0,0,0,0,0,0,0,44,1,0,0,0,1,0,0,0,0,1,0,0
36.14,0,0,0,0,0,0,0,0,0,0,0,1,0,0,0,0,0,1,85,0,0,0,1,0,1,0,0,1,0,0,0
31.26,0,0,0,1,0,0,0,1,0,0,0,0,0,0,0,0,0,1,92,1,0,0,0,0,1,0,0,0,1,0,0
6.74,0,0,0,0,0,0,0,0,0,0,0,0,0,0,1,0,0,0,56,1,0,0,0,1,0,0,0,0,0,1,0
47.43,0,0,0,0,0,1,0,0,0,0,0,0,0,0,0,0,0,0,75,0,0,0,1,0,1,0,0,1,0,0,0
111.89,0,0,0,0,0,0,0,0,0,1,0,0,0,0,0,0,0,0,40,0,0,0,1,0,1,0,1,0,0,0,0
40.93,0,1,1,0,0,0,0,0,0,0,0,0,0,0,0,0,0,1,88,0,0,0,1,0,1,0,0,0,1,0,0
100.41,0,1,0,0,0,1,0,1,0,0,0,0,0,0,0,0,0,0,83,0,1,0,0,0,1,0,0,0,1,0,0
20.78,0,0,0,0,0,1,0,0,0,0,0,0,0,0,0,0,0,0,70,1,0,0,0,1,0,0,0,0,1,0,0
19.51,0,0,0,0,0,0,0,0,0,0,0,0,0,0,0,0,0,1,61,0,0,1,0,1,0,0,0,0,1,0,0
31.18,0,0,0,0,0,1,0,1,0,0,1,0,0,0,0,0,0,0,75,1,0,0,0,1,0,0,0,1,0,0,0
182.52,0,0,0,0,0,0,0,0,0,1,0,0,0,0,1,0,0,0,85,0,1,0,0,1,0,0,1,0,0,0,0
25.4,0,0,0,0,0,0,0,0,0,0,0,0,0,0,1,0,0,0,60,1,0,0,0,1,0,0,0,1,0,0,0
49.03,0,0,0,0,0,0,1,0,0,0,0,0,0,0,0,0,0,0,52,0,0,0,1,1,0,0,1,0,0,0,0
40.92,0,0,0,0,0,0,0,0,0,0,0,1,0,0,0,0,0,0,87,0,0,0,1,0,1,0,0,0,1,0,0
223.97,0,1,0,0,0,0,0,0,0,0,0,0,0,0,0,0,0,0,91,0,1,0,0,0,1,0,0,1,0,0,0
158.04,0,0,0,0,0,0,1,0,0,0,0,0,0,0,0,0,0,0,89,0,1,0,0,1,0,0,1,0,0,0,0
105.37,1,0,0,0,0,0,0,0,0,0,0,0,0,0,0,0,0,0,43,0,0,0,1,0,1,0,1,0,0,0,0
147.3,0,0,0,0,0,0,0,0,0,0,0,0,0,1,0,0,0,0,87,0,1,0,0,1,0,0,1,0,0,0,0
14.06,0,0,0,1,0,0,0,0,0,0,0,0,0,0,0,0,0,0,45,1,0,0,0,1,0,0,0,0,0,1,0
26.36,0,0,0,0,0,1,0,0,0,0,0,1,0,0,0,0,0,0,79,1,0,0,0,1,0,0,0,1,0,0,0
16.87,0,1,0,0,0,1,0,0,0,0,0,0,0,0,1,0,0,0,61,0,0,1,0,0,1,0,0,0,1,0,0
10.05,0,0,0,0,0,0,0,0,0,0,0,1,0,0,0,0,0,0,81,0,0,1,0,1,0,0,0,1,0,0,0
6.73,0,0,0,0,0,0,0,0,0,0,0,0,1,0,0,0,0,0,53,0,0,1,0,0,1,0,0,0,0,1,0
68.13,0,0,0,0,0,0,0,1,0,0,0,0,1,0,0,0,0,0,68,0,1,0,0,1,0,0,0,0,0,1,0
58.03,1,0,0,0,0,0,0,0,0,0,0,0,0,0,1,0,0,1,70,1,0,0,0,1,0,0,1,0,0,0,0
21.68,0,0,0,0,0,0,0,1,0,0,0,0,0,0,0,0,0,0,51,0,0,1,0,0,1,0,0,0,1,0,0
20.53,1,0,0,0,0,0,0,0,0,0,0,0,0,0,0,0,0,0,43,0,0,1,0,0,1,0,0,0,1,0,0
19.05,0,0,0,0,0,0,0,0,0,0,1,0,0,0,0,0,0,0,47,0,0,1,0,0,1,0,0,1,0,0,0
27.01,0,0,0,0,0,0,0,0,0,0,0,0,0,0,1,0,0,0,56,1,0,0,0,1,0,0,0,0,1,0,0
27.92,0,0,1,0,0,0,0,0,0,0,0,0,0,0,0,0,0,0,36,1,0,0,0,0,1,0,1,0,0,0,0
22.27,0,0,1,0,0,0,0,0,0,0,1,0,0,0,0,0,0,0,47,0,0,1,0,1,0,0,0,0,1,0,0
31.18,1,0,0,0,0,0,0,0,0,0,0,0,0,0,0,0,0,0,53,1,0,0,0,1,0,0,0,1,0,0,0
340.04,0,0,0,0,0,0,0,0,0,0,0,0,0,0,0,0,0,1,100,0,1,0,0,1,0,0,1,0,0,0,0
205.69,1,0,0,0,0,0,0,0,0,0,0,1,0,0,0,0,0,0,100,0,1,0,0,1,0,0,0,1,0,0,0
33.38,1,0,0,0,0,0,0,0,0,0,0,0,0,0,0,0,0,0,59,1,0,0,0,0,1,0,0,1,0,0,0
33.22,0,0,0,0,0,0,0,0,0,0,1,0,0,0,0,0,0,0,68,0,0,0,1,0,1,0,0,0,1,0,0
217.6,0,1,0,0,0,0,0,0,0,0,0,0,0,0,0,0,0,0,90,0,1,0,0,1,0,0,0,0,1,0,0
82.96,0,0,0,0,0,0,0,0,0,0,0,0,0,0,1,0,0,0,77,0,0,0,1,0,1,0,1,0,0,0,0
24.16,0,0,0,0,0,1,0,0,0,0,1,0,0,0,0,0,0,0,64,0,0,1,0,1,0,0,0,0,1,0,0
192.06,0,0,0,0,0,0,0,0,0,0,1,0,0,0,0,0,0,0,88,0,1,0,0,0,1,0,0,1,0,0,0
54.71,1,0,1,0,0,0,0,0,0,0,0,0,0,1,0,0,0,0,41,1,0,0,0,1,0,0,1,0,0,0,0
16.74,0,0,0,0,0,1,0,0,0,0,0,1,0,0,0,0,0,0,77,0,0,1,0,0,1,0,0,1,0,0,0
48.31,0,0,0,0,0,0,0,0,0,1,0,0,0,1,0,0,0,0,51,0,0,0,1,1,0,0,1,0,0,0,0
7.67,0,0,0,0,0,0,0,0,0,1,0,0,0,0,0,0,0,0,48,1,0,0,0,1,0,0,0,0,0,1,0
213.02,0,0,0,0,0,0,0,0,0,1,0,0,0,0,0,0,0,0,79,0,1,0,0,1,0,0,1,0,0,0,0
17.72,0,0,0,0,0,0,0,0,0,0,0,0,0,0,1,0,0,0,66,1,0,0,0,1,0,0,0,0,0,1,0
309.09,0,0,0,0,0,0,0,0,0,0,0,0,0,0,1,0,0,0,90,0,1,0,0,0,1,0,1,0,0,0,0
121.61,0,0,0,0,0,0,0,1,0,0,0,0,0,0,0,0,0,0,82,0,1,0,0,1,0,0,0,0,1,0,0
13.95,0,0,0,0,0,0,0,0,0,0,0,0,0,0,0,0,1,0,45,1,0,0,0,0,1,0,0,0,0,1,0
28.83,0,0,0,1,0,0,0,0,0,0,0,0,0,0,0,0,0,0,49,0,0,0,1,1,0,0,0,1,0,0,0
16.68,0,1,0,1,0,0,0,0,0,0,1,0,0,0,0,0,0,0,84,1,0,0,0,0,1,0,0,0,1,0,0
16.75,0,0,0,0,0,0,0,0,0,0,1,0,0,0,0,0,0,0,78,1,0,0,0,0,1,0,0,0,1,0,0
32.65,0,0,0,0,0,0,0,0,0,0,0,1,0,0,0,0,0,0,99,0,0,0,1,1,0,0,0,0,1,0,0
153.92,0,0,0,0,0,0,0,0,0,0,1,0,0,0,0,0,0,0,71,0,1,0,0,1,0,0,0,0,1,0,0
64.05,0,0,0,0,0,0,0,1,0,0,0,0,0,0,0,0,0,0,63,0,1,0,0,0,1,0,0,0,0,1,0
17.74,0,0,1,0,0,0,0,0,0,0,0,0,0,0,1,0,0,0,51,1,0,0,0,0,1,0,0,0,0,1,0
158.87,0,0,0,0,0,0,0,1,0,0,0,0,0,0,0,0,0,0,88,0,1,0,0,1,0,0,0,1,0,0,0
5.15,0,0,0,0,0,0,0,0,0,0,0,0,1,0,0,0,0,0,49,0,0,1,0,0,1,0,0,0,0,1,0
49.28,0,0,1,0,0,0,0,0,0,0,0,0,0,0,0,0,0,0,33,0,0,0,1,1,0,0,0,1,0,0,0
8.73,0,0,1,0,0,0,0,1,0,0,0,0,0,0,1,0,0,0,45,0,0,1,0,0,1,0,0,0,1,0,0
9.86,0,0,0,0,0,0,0,0,0,0,0,0,1,0,0,0,0,0,51,1,0,0,0,1,0,0,0,0,0,1,0
198.0,0,0,0,0,0,0,0,0,0,0,0,1,0,0,0,0,0,0,100,0,1,0,0,0,1,0,0,0,1,0,0
21.48,0,1,0,0,0,1,0,0,0,0,0,1,0,0,0,0,0,0,58,0,0,1,0,0,1,0,0,0,1,0,0
11.18,0,0,0,0,0,0,0,0,0,0,0,0,0,0,1,0,0,0,46,0,0,1,0,1,0,0,0,1,0,0,0
9.08,0,0,0,0,1,0,0,0,0,0,0,0,0,0,0,0,0,0,52,0,0,1,0,1,0,0,0,0,0,1,0
18.2,0,0,0,0,0,0,0,0,0,0,0,0,0,0,0,0,0,1,77,1,0,0,0,0,1,0,0,1,0,0,0
38.06,0,0,1,0,0,1,0,0,0,0,0,1,0,0,0,0,0,0,75,1,0,0,0,1,0,0,0,1,0,0,0
224.55,0,0,0,0,0,0,0,1,0,0,0,0,0,0,0,0,0,0,88,0,1,0,0,0,1,0,0,1,0,0,0
32.72,0,0,0,0,0,0,0,0,0,1,0,0,0,0,0,0,0,0,48,0,0,1,0,0,1,0,1,0,0,0,0
36.49,0,1,0,0,0,0,0,0,0,0,0,0,0,0,0,0,0,0,57,1,0,0,0,1,0,0,0,1,0,0,0
12.23,0,0,1,0,1,0,0,0,0,0,0,0,1,0,0,0,0,0,67,1,0,0,0,0,1,0,0,0,0,1,0
101.49,0,0,0,0,0,0,1,0,0,0,0,0,0,0,0,0,0,0,38,0,0,0,1,1,0,0,1,0,0,0,0
21.97,0,0,1,0,0,0,0,0,0,0,0,0,0,0,0,0,0,0,44,0,0,0,1,1,0,0,0,0,0,1,0
36.3,0,0,0,0,0,0,0,0,0,0,0,0,0,0,1,0,0,0,56,1,0,0,0,1,0,0,1,0,0,0,0
17.11,0,0,1,0,0,0,0,0,0,0,0,1,0,0,1,0,0,0,72,0,0,1,0,1,0,0,0,0,1,0,0
42.2,0,0,0,0,0,0,0,0,0,0,0,0,0,0,1,0,0,0,58,0,0,0,1,1,0,0,0,0,1,0,0
95.94,0,0,0,0,0,0,0,0,0,0,0,0,0,1,0,0,0,0,56,0,0,0,1,0,1,0,1,0,0,0,0
40.42,1,0,0,0,0,0,0,0,0,0,0,0,0,0,0,0,0,0,46,0,0,0,1,0,1,0,1,0,0,0,0
24.27,1,0,0,1,0,0,0,1,0,0,0,0,0,0,0,0,0,0,57,1,0,0,0,0,1,0,0,0,1,0,0
40.86,1,0,0,0,0,0,0,0,0,0,0,0,0,0,0,0,0,0,53,0,0,0,1,1,0,0,1,0,0,0,0
14.79,0,0,0,0,0,0,0,0,0,0,0,0,0,0,1,0,0,0,73,0,0,0,1,0,1,0,0,0,0,1,0
166.07,1,0,1,0,0,0,0,0,0,0,0,0,0,0,0,0,0,1,100,0,1,0,0,0,1,0,1,0,0,0,0
24.37,1,0,0,0,0,0,0,0,0,0,0,0,0,0,0,0,0,0,49,0,0,1,0,1,0,0,0,1,0,0,0
48.52,0,0,0,0,0,0,0,0,0,1,0,0,0,0,0,0,0,0,48,0,0,0,1,0,1,0,1,0,0,0,0
31.9,1,0,0,0,0,0,0,0,0,0,0,0,0,1,0,0,0,1,74,0,0,1,0,0,1,0,1,0,0,0,0
39.18,0,0,0,0,0,0,0,0,0,0,0,0,0,0,1,0,0,0,70,1,0,0,0,1,0,0,1,0,0,0,0
10.49,0,0,0,0,0,0,0,0,0,0,0,0,0,0,0,0,1,0,45,0,0,1,0,0,1,0,0,0,0,1,0
22.85,0,0,0,0,0,0,0,0,0,0,0,1,0,0,0,0,0,0,79,1,0,0,0,0,1,0,0,1,0,0,0
29.68,0,0,0,0,0,0,0,0,0,0,0,1,0,0,0,0,0,0,100,0,0,0,1,1,0,0,0,1,0,0,0
28.4,0,0,0,1,0,0,0,0,0,0,0,0,1,0,0,0,0,0,56,0,0,0,1,1,0,0,0,0,0,1,0
44.53,1,0,0,0,0,0,0,0,0,0,0,0,0,0,0,0,0,0,49,0,0,1,0,1,0,0,1,0,0,0,0
25.99,0,0,0,0,0,0,0,0,0,0,0,0,0,0,0,0,1,0,43,0,0,0,1,1,0,0,0,0,0,1,0
95.86,0,0,0,0,0,0,0,0,0,1,0,0,0,0,0,0,0,0,59,0,0,0,1,1,0,0,1,0,0,0,0
30.32,0,0,0,0,0,0,0,0,0,0,0,1,0,0,0,0,0,0,84,1,0,0,0,1,0,0,0,0,1,0,0
16.48,1,0,0,0,0,0,0,0,0,0,1,0,0,0,1,0,0,0,55,0,0,1,0,0,1,0,0,0,1,0,0
119.67,0,0,0,0,0,0,0,1,0,0,0,0,0,0,1,0,0,0,65,0,1,0,0,0,1,0,0,1,0,0,0
58.37,0,0,1,0,0,0,0,0,0,0,0,0,0,0,1,0,0,0,42,0,0,0,1,0,1,0,0,1,0,0,0
22.53,0,0,0,0,0,0,0,0,0,0,0,0,0,0,1,0,0,0,56,0,0,1,0,0,1,0,1,0,0,0,0
21.36,1,0,0,1,0,0,0,0,0,0,1,0,0,0,0,0,0,0,46,1,0,0,0,0,1,0,0,1,0,0,0
74.03,0,0,1,0,0,0,0,0,0,0,0,0,0,0,0,0,0,0,72,0,1,0,0,0,1,0,0,0,0,1,0
207.65,0,0,0,0,0,0,0,0,0,0,0,0,0,0,1,0,0,0,70,0,1,0,0,1,0,0,1,0,0,0,0
33.37,0,0,0,0,0,0,1,0,0,0,0,0,0,0,0,0,0,0,38,0,0,1,0,1,0,0,1,0,0,0,0
46.12,0,0,1,0,0,0,0,0,0,0,0,0,0,0,0,0,0,0,47,0,0,0,1,1,0,0,0,0,1,0,0
162.29,0,0,1,0,0,0,0,0,0,1,0,0,0,0,0,0,0,1,100,0,1,0,0,0,1,0,1,0,0,0,0
37.87,0,0,0,0,0,0,0,0,0,0,0,0,0,0,1,0,0,0,86,0,1,0,0,1,0,0,0,0,0,1,0
14.27,0,0,0,0,0,0,0,0,0,1,0,0,0,0,0,0,0,0,58,1,0,0,0,0,1,0,0,0,0,1,0
53.54,0,0,0,0,0,0,0,0,0,0,1,0,0,0,0,0,0,0,68,0,0,0,1,0,1,0,0,1,0,0,0
44.09,0,0,0,0,0,0,0,0,0,0,0,0,0,0,0,0,0,1,64,0,0,1,0,0,1,0,1,0,0,0,0
172.25,0,0,0,0,0,0,0,0,0,0,1,0,0,0,0,0,0,0,87,0,1,0,0,0,1,0,0,0,1,0,0
20.0,0,0,0,0,0,0,0,1,0,0,0,0,0,0,0,0,0,0,52,0,0,0,1,0,1,0,0,0,1,0,0
122.1,0,0,1,0,0,0,0,0,0,0,0,0,0,0,0,0,0,0,74,0,1,0,0,1,0,0,1,0,0,0,0
23.0,0,0,0,0,0,0,0,0,0,0,0,0,0,0,1,0,0,0,56,0,0,1,0,1,0,0,0,1,0,0,0
111.88,1,0,0,1,0,0,0,1,0,0,0,0,0,0,0,0,0,0,78,0,1,0,0,0,1,0,0,1,0,0,0
22.24,0,0,0,1,0,0,0,0,0,0,0,0,0,0,0,0,0,0,39,1,0,0,0,1,0,0,0,1,0,0,0
3.45,0,0,0,0,0,0,0,1,0,0,0,0,0,0,1,0,1,0,52,0,0,1,0,0,1,0,0,0,0,1,0
39.06,0,0,0,0,0,0,0,0,0,0,0,0,0,0,1,0,0,0,90,0,1,0,0,0,1,0,0,0,0,1,0
204.54,0,1,0,0,0,0,0,0,0,0,0,0,0,0,0,0,0,0,100,0,1,0,0,0,1,0,0,0,1,0,0
56.16,0,0,0,0,0,0,0,1,0,0,0,0,0,0,1,0,0,0,63,0,1,0,0,0,1,0,0,0,0,1,0
289.65,0,0,1,0,0,0,0,0,0,0,0,0,0,0,0,0,0,0,76,0,1,0,0,0,1,0,1,0,0,0,0
94.52,0,0,0,0,0,0,0,0,0,0,0,0,0,0,0,0,0,1,71,0,0,0,1,1,0,0,1,0,0,0,0
30.96,0,0,0,0,0,1,0,0,0,0,0,1,0,0,0,0,0,0,87,1,0,0,0,0,1,0,0,0,1,0,0
21.9,0,0,1,0,0,0,0,0,0,0,0,0,0,0,0,0,0,1,82,1,0,0,0,0,1,0,0,1,0,0,0
4.42,0,0,1,0,0,0,0,0,0,0,0,0,1,0,0,0,0,0,55,0,0,1,0,0,1,0,0,0,0,1,0
19.76,0,0,0,1,0,0,0,1,0,0,0,0,0,0,0,0,1,0,40,0,0,0,1,1,0,0,0,0,0,1,0
120.21,0,0,1,0,0,0,0,1,0,0,0,1,0,0,0,0,0,0,100,0,1,0,0,0,1,0,0,0,1,0,0
15.96,0,0,1,0,0,0,0,0,0,0,0,0,0,0,0,0,0,0,33,0,0,1,0,0,1,0,0,0,1,0,0
14.24,0,1,0,0,0,0,0,0,0,0,0,0,0,0,0,0,0,0,50,0,0,1,0,0,1,0,0,0,1,0,0
30.5,0,0,0,0,0,0,0,1,0,0,0,0,0,0,0,0,0,0,52,1,0,0,0,1,0,0,0,0,1,0,0
142.47,0,0,0,0,0,0,0,1,0,0,0,0,0,0,0,0,0,0,92,0,1,0,0,1,0,0,0,1,0,0,0
36.84,0,0,0,0,0,1,0,0,0,0,0,0,0,0,0,0,0,0,58,1,0,0,0,0,1,0,0,1,0,0,0
263.51,1,0,0,0,0,0,0,0,0,0,0,0,0,0,0,0,0,0,60,0,1,0,0,1,0,0,1,0,0,0,0
27.29,0,0,0,0,0,0,0,1,0,0,1,0,0,0,0,0,0,0,70,1,0,0,0,0,1,0,0,1,0,0,0
8.55,0,0,0,0,0,0,0,0,0,1,0,0,0,0,1,0,0,0,45,0,0,1,0,0,1,0,0,0,0,1,0
8.47,0,0,0,0,0,0,0,0,0,1,0,0,0,0,0,0,0,0,52,1,0,0,0,1,0,0,0,0,0,1,0
63.74,0,0,0,0,1,0,0,1,0,0,0,0,0,0,1,0,0,0,91,0,1,0,0,1,0,0,0,0,0,1,0
24.97,0,0,0,0,0,0,0,1,0,0,1,0,0,0,1,0,0,0,55,0,0,1,0,1,0,0,0,1,0,0,0
17.28,0,0,1,0,0,0,0,1,0,0,1,0,0,0,0,0,0,0,35,0,0,1,0,1,0,0,0,1,0,0,0
36.56,0,0,1,0,0,0,0,0,0,0,0,0,0,0,0,0,0,0,73,0,1,0,0,1,0,0,0,0,0,1,0
32.6,0,0,0,1,0,0,0,0,0,0,0,0,0,0,0,0,0,0,45,0,0,0,1,1,0,0,0,1,0,0,0
10.33,0,0,0,0,0,0,0,0,0,1,0,0,0,0,0,0,0,0,40,1,0,0,0,0,1,0,0,0,0,1,0
6.6,0,0,0,0,0,0,0,0,0,1,0,0,1,0,0,0,1,0,46,0,0,1,0,0,1,0,0,0,0,1,0
33.27,0,0,0,0,0,0,0,1,0,0,1,0,0,0,1,0,0,0,53,1,0,0,0,1,0,0,0,0,1,0,0
25.55,0,0,1,0,0,0,0,0,0,0,0,0,0,0,0,0,0,0,33,0,0,0,1,1,0,0,0,0,0,1,0
47.91,0,0,0,0,0,0,0,0,0,0,0,0,0,0,1,0,0,0,57,0,0,0,1,0,1,0,0,0,1,0,0
102.91,0,0,0,0,0,0,0,0,0,0,0,0,0,1,0,0,0,0,63,0,0,0,1,0,1,0,1,0,0,0,0
159.78,0,0,1,0,0,0,0,1,0,0,0,1,0,0,0,0,0,0,100,0,1,0,0,1,0,0,0,0,1,0,0
22.87,0,0,0,1,0,0,0,0,0,0,0,0,0,0,0,0,0,0,46,0,0,0,1,1,0,0,0,1,0,0,0
200.11,0,0,0,0,0,0,0,0,0,1,0,0,0,0,0,0,0,0,69,0,1,0,0,1,0,0,1,0,0,0,0
52.86,0,0,0,0,0,0,0,0,0,0,0,1,0,0,0,0,0,0,84,0,0,0,1,1,0,0,0,0,1,0,0
20.38,0,1,0,1,0,0,0,0,0,0,0,0,0,0,0,0,0,0,62,0,0,1,0,0,1,0,0,1,0,0,0
9.24,0,0,1,0,0,0,0,0,0,0,0,0,0,0,0,0,0,0,34,0,0,1,0,0,1,0,0,0,0,1,0
17.15,1,0,0,0,0,0,0,0,0,0,0,0,0,0,0,0,0,0,39,0,0,1,0,0,1,0,0,1,0,0,0
204.81,0,0,0,0,0,0,0,1,0,0,0,0,0,0,0,0,0,0,91,0,1,0,0,0,1,0,0,1,0,0,0
14.01,0,0,1,0,0,0,0,0,0,0,0,0,0,0,0,0,0,0,33,0,0,0,1,1,0,0,0,0,0,1,0
9.83,0,0,0,0,0,0,0,0,0,0,0,0,0,0,1,0,0,0,56,0,0,1,0,1,0,0,0,0,1,0,0
36.67,0,0,1,0,0,0,0,0,0,0,0,0,0,0,0,0,0,0,49,1,0,0,0,0,1,0,0,0,1,0,0
22.62,0,0,0,1,0,0,0,0,0,0,1,0,0,0,0,0,0,0,53,1,0,0,0,1,0,0,0,1,0,0,0
12.69,1,0,0,0,0,0,0,1,0,0,0,0,0,0,0,0,0,0,42,0,0,1,0,0,1,0,0,1,0,0,0
55.89,0,0,0,0,0,0,0,0,0,0,0,1,0,0,1,0,0,0,92,0,0,0,1,0,1,0,0,1,0,0,0
17.22,0,0,0,0,0,0,0,0,0,0,0,1,0,0,0,0,0,0,84,0,0,1,0,0,1,0,0,0,1,0,0
48.21,0,1,0,1,0,0,0,0,0,0,0,0,0,0,0,0,0,0,68,0,0,0,1,0,1,0,0,0,1,0,0
35.99,1,0,1,0,0,0,0,0,0,0,0,0,0,0,1,0,0,0,46,1,0,0,0,0,1,0,0,1,0,0,0
11.19,0,0,0,1,0,0,0,0,0,0,0,0,0,0,0,0,0,0,42,0,0,1,0,0,1,0,0,1,0,0,0
11.95,0,0,1,0,0,0,0,0,0,0,0,0,0,0,0,0,0,0,43,0,0,1,0,0,1,0,0,1,0,0,0
91.97,0,0,0,0,0,0,0,0,0,0,0,0,0,0,1,0,0,0,56,0,0,0,1,0,1,0,1,0,0,0,0
25.29,0,0,0,0,1,0,0,0,0,1,0,0,0,0,0,0,0,0,44,0,0,0,1,0,1,0,0,0,0,1,0
89.36,1,0,0,0,0,0,0,0,0,1,0,0,0,1,0,0,0,0,68,0,0,0,1,1,0,0,1,0,0,0,0
43.17,0,0,0,0,0,0,0,0,0,0,0,0,0,1,0,0,0,0,46,0,0,1,0,0,1,0,1,0,0,0,0
28.45,0,0,0,0,0,0,0,0,0,0,0,0,0,0,0,0,0,1,60,1,0,0,0,0,1,0,0,1,0,0,0
297.95,0,0,0,0,0,0,1,0,0,0,0,0,0,0,0,0,0,0,82,0,1,0,0,1,0,0,1,0,0,0,0
35.75,0,1,0,0,0,0,0,1,0,0,0,0,0,0,0,0,0,0,70,1,0,0,0,1,0,0,0,1,0,0,0
103.74,1,0,0,0,0,0,0,0,0,0,1,0,0,0,0,0,0,0,84,0,1,0,0,1,0,0,0,0,1,0,0
12.28,0,0,0,0,1,0,0,0,0,0,0,0,0,0,0,0,0,0,69,0,0,0,1,1,0,0,0,0,0,1,0
296.7,0,0,0,0,0,0,0,0,0,0,0,0,0,0,1,0,0,0,93,0,1,0,0,1,0,0,1,0,0,0,0
42.02,0,0,0,0,0,0,0,0,0,1,0,0,0,0,0,0,0,0,50,1,0,0,0,1,0,0,1,0,0,0,0
26.47,0,0,1,1,0,0,0,0,0,0,0,1,0,0,0,0,0,0,66,1,0,0,0,1,0,0,0,0,1,0,0
62.0,0,0,0,0,0,0,0,1,0,0,0,0,0,0,0,0,0,0,81,0,1,0,0,0,1,0,0,0,0,1,0
16.98,0,0,0,0,0,0,0,0,0,0,0,0,0,0,1,0,0,0,47,0,0,0,1,0,1,0,0,0,0,1,0
11.25,0,0,0,0,0,0,0,0,0,0,0,0,1,0,0,0,0,0,76,1,0,0,0,0,1,0,0,0,0,1,0
9.49,0,0,0,0,0,0,0,1,0,1,0,0,1,0,0,0,0,0,54,1,0,0,0,1,0,0,0,0,0,1,0
15.03,0,0,0,0,0,1,0,0,0,0,0,0,0,0,0,0,0,0,62,0,0,1,0,0,1,0,0,0,1,0,0
62.88,0,0,0,0,0,0,1,0,0,0,0,0,0,0,0,0,0,0,48,1,0,0,0,1,0,0,1,0,0,0,0
17.56,1,0,0,0,0,0,0,0,0,0,0,1,0,0,0,0,0,0,81,0,0,1,0,1,0,0,0,1,0,0,0
11.97,0,0,1,0,1,0,0,0,0,0,0,0,1,0,0,0,0,0,50,1,0,0,0,0,1,0,0,0,0,1,0
14.02,0,0,0,1,1,0,0,0,0,0,0,0,0,0,1,0,0,0,43,0,0,0,1,1,0,0,0,0,0,1,0
10.0,0,0,0,0,1,0,0,0,0,0,0,0,0,0,0,0,1,0,45,1,0,0,0,1,0,0,0,0,0,1,0
128.18,0,0,0,0,0,0,0,0,0,0,0,0,0,1,0,0,0,0,70,0,1,0,0,0,1,0,1,0,0,0,0
39.42,0,0,0,0,0,0,0,0,0,0,0,0,0,0,0,0,0,1,60,0,0,1,0,0,1,0,1,0,0,0,0
8.2,0,0,0,0,0,0,0,0,0,0,0,0,1,0,0,0,0,0,60,0,0,1,0,1,0,0,0,0,0,1,0
11.85,0,0,0,0,0,0,0,1,0,0,0,0,0,0,0,0,0,0,51,0,0,1,0,0,1,0,0,0,0,1,0
8.54,0,0,0,0,0,0,0,0,0,0,0,1,0,0,0,0,0,0,78,0,0,1,0,1,0,0,0,0,1,0,0
43.52,0,0,0,0,0,0,0,0,0,1,0,0,0,0,0,0,0,0,38,0,0,1,0,0,1,0,1,0,0,0,0
4.82,0,0,0,1,0,0,0,0,0,0,0,0,0,0,0,0,0,0,39,0,0,1,0,0,1,0,0,0,0,1,0
56.95,0,0,0,0,0,1,0,0,0,0,0,0,0,0,0,0,0,0,79,0,0,0,1,1,0,0,0,1,0,0,0
17.75,0,0,1,0,0,0,0,0,0,0,0,0,0,0,0,0,0,0,43,0,0,0,1,0,1,0,0,0,0,1,0
18.09,0,0,0,0,0,0,1,0,0,0,0,0,0,0,0,0,0,0,39,0,0,1,0,1,0,0,1,0,0,0,0
27.7,0,0,1,0,0,0,0,0,0,0,0,0,0,0,0,0,0,0,37,0,0,0,1,1,0,0,0,0,1,0,0
24.58,0,0,0,0,0,0,0,1,0,0,0,0,0,0,0,0,0,0,45,0,0,0,1,0,1,0,0,1,0,0,0
29.79,0,0,0,0,0,0,0,0,0,0,1,0,0,0,0,0,0,0,59,0,0,0,1,0,1,0,0,0,1,0,0
28.07,0,0,0,0,0,0,0,1,0,0,0,0,0,0,0,0,0,0,42,0,0,0,1,0,1,0,0,0,0,1,0
68.45,0,0,1,0,0,0,0,0,0,0,0,0,0,1,0,0,0,0,51,0,0,0,1,1,0,0,1,0,0,0,0
48.97,0,0,0,0,0,0,0,1,0,0,0,0,0,0,0,0,0,0,85,0,1,0,0,1,0,0,0,0,0,1,0
11.12,0,0,0,0,0,0,0,0,0,0,0,0,0,0,0,0,0,1,71,0,0,1,0,1,0,0,0,0,1,0,0
44.33,0,0,0,0,0,0,1,0,0,0,0,0,0,0,0,0,0,0,55,1,0,0,0,1,0,0,1,0,0,0,0
64.29,0,0,0,0,0,0,0,0,0,1,0,0,0,0,0,0,0,0,59,1,0,0,0,0,1,0,1,0,0,0,0
262.8,0,0,0,0,0,0,1,0,0,0,0,0,0,0,0,0,0,0,82,0,1,0,0,0,1,0,1,0,0,0,0
301.09,0,0,0,0,0,0,0,0,0,1,0,0,0,0,0,0,0,0,65,0,1,0,0,0,1,0,1,0,0,0,0
61.82,0,0,0,0,1,0,0,0,0,0,0,0,0,0,0,0,0,0,88,0,1,0,0,1,0,0,0,0,0,1,0
39.89,0,0,0,0,0,0,0,1,0,0,0,0,0,0,0,0,0,0,92,0,1,0,0,1,0,0,0,0,0,1,0
12.93,0,0,0,0,1,0,0,0,0,0,0,0,0,0,0,0,0,0,62,0,0,0,1,0,1,0,0,0,0,1,0
55.1,0,0,0,0,0,1,0,0,0,0,1,0,0,0,0,0,0,1,73,0,0,0,1,1,0,0,0,1,0,0,0
144.13,0,0,0,0,0,0,0,1,0,0,1,0,0,0,0,0,0,0,81,0,1,0,0,1,0,0,0,1,0,0,0
6.89,0,0,0,0,1,0,0,0,0,1,0,0,0,0,1,0,0,0,58,0,0,1,0,1,0,0,0,0,0,1,0
25.56,1,1,0,0,0,0,0,0,0,0,0,0,0,0,0,0,0,0,63,0,0,0,1,1,0,0,0,1,0,0,0
15.82,0,0,0,1,0,0,0,1,0,0,0,0,0,0,0,0,0,0,54,1,0,0,0,1,0,0,0,0,0,1,0
161.35,0,0,0,0,0,0,1,0,0,0,0,0,0,0,1,0,0,1,100,0,1,0,0,1,0,0,1,0,0,0,0
65.2,1,0,1,0,0,0,0,0,0,1,0,0,0,0,0,0,0,0,49,1,0,0,0,1,0,0,1,0,0,0,0
7.33,0,0,1,1,0,0,0,0,0,0,0,0,0,0,1,0,0,0,53,0,0,1,0,0,1,0,0,0,0,1,0
30.77,0,0,0,1,0,0,0,0,0,0,1,0,0,0,0,0,0,1,82,1,0,0,0,0,1,0,0,1,0,0,0
328.39,0,0,1,0,0,0,0,0,0,0,0,0,0,0,0,0,0,0,82,0,1,0,0,1,0,0,1,0,0,0,0
28.46,0,0,0,1,0,0,0,0,0,0,0,0,0,0,0,0,0,0,47,0,0,0,1,1,0,0,0,0,0,1,0
7.36,0,0,0,0,0,0,0,0,0,0,0,0,0,0,1,0,0,0,46,0,0,1,0,0,1,0,0,0,0,1,0
12.78,0,1,0,1,0,0,0,0,0,0,0,0,0,0,0,0,0,0,52,0,0,1,0,1,0,0,0,1,0,0,0
126.31,0,0,0,0,0,0,0,1,0,0,0,0,0,0,0,0,0,0,65,0,1,0,0,0,1,0,0,0,1,0,0
8.36,0,0,0,0,1,0,0,1,0,0,0,0,0,0,0,0,1,0,50,0,0,1,0,0,1,0,0,0,0,1,0
186.66,0,0,0,0,0,1,0,0,0,0,0,0,0,0,0,0,0,0,99,0,1,0,0,1,0,0,0,1,0,0,0
189.31,0,0,0,0,0,0,0,0,0,0,0,0,0,1,0,0,0,0,96,0,1,0,0,0,1,0,1,0,0,0,0
63.1,1,0,0,0,0,0,0,0,0,0,0,0,0,0,0,0,0,0,59,0,0,0,1,1,0,0,1,0,0,0,0
25.79,0,0,0,0,0,1,0,0,0,0,0,0,0,0,0,0,0,0,69,1,0,0,0,1,0,0,0,0,1,0,0
275.32,0,0,0,0,0,0,0,0,0,0,0,0,0,0,0,0,0,1,100,0,1,0,0,0,1,0,1,0,0,0,0
20.42,0,0,0,0,0,1,0,0,0,0,0,0,0,0,0,0,0,0,73,0,0,0,1,0,1,0,0,0,1,0,0
12.82,0,0,0,0,0,1,0,0,0,0,0,0,0,0,0,0,0,0,59,0,0,1,0,0,1,0,0,1,0,0,0
30.95,0,1,0,0,0,0,0,0,0,0,0,0,0,0,1,0,0,0,83,1,0,0,0,0,1,0,0,1,0,0,0
38.68,1,0,0,0,0,0,0,0,0,0,1,0,0,0,1,0,0,0,46,0,0,0,1,0,1,0,0,0,1,0,0
16.56,1,1,1,0,0,0,0,0,0,0,0,0,0,0,0,0,0,0,72,1,0,0,0,1,0,0,0,0,1,0,0
91.64,0,0,0,0,0,0,0,0,0,0,0,0,0,1,0,0,0,0,53,0,0,0,1,0,1,0,1,0,0,0,0
39.24,0,0,0,0,0,0,0,0,0,0,0,0,0,0,0,0,0,1,61,1,0,0,0,0,1,0,1,0,0,0,0
41.7,0,0,1,0,0,0,0,0,0,0,0,0,0,0,0,0,0,0,73,0,1,0,0,0,1,0,0,0,0,1,0
15.11,0,0,1,0,0,0,0,0,0,0,0,0,0,0,0,0,0,0,36,0,0,1,0,1,0,0,1,0,0,0,0
24.61,0,0,0,0,0,0,0,0,0,0,1,0,0,0,0,0,0,0,47,1,0,0,0,1,0,0,0,1,0,0,0
33.97,0,0,0,0,0,0,1,0,0,0,0,0,0,0,0,0,0,0,49,0,0,1,0,0,1,0,1,0,0,0,0
67.16,0,0,0,0,0,0,0,0,0,0,0,0,0,1,0,0,0,0,73,1,0,0,0,0,1,0,1,0,0,0,0
66.0,0,0,0,0,0,0,0,1,0,0,0,0,0,0,0,0,0,0,82,0,1,0,0,1,0,0,0,0,0,1,0
45.04,0,0,1,0,0,0,0,0,0,0,0,0,0,0,0,0,0,0,46,0,0,0,1,1,0,0,1,0,0,0,0
23.44,0,0,0,0,0,0,0,1,0,0,0,0,0,0,0,0,0,0,51,1,0,0,0,0,1,0,0,0,1,0,0
21.48,0,0,1,0,0,0,0,0,0,0,0,0,0,0,0,0,0,0,46,0,0,0,1,0,1,0,0,1,0,0,0
26.89,0,1,1,0,0,0,0,0,0,0,0,0,0,0,0,0,0,0,70,0,0,0,1,0,1,0,0,1,0,0,0
13.92,0,0,0,1,1,0,0,0,0,0,0,0,0,0,0,0,1,0,51,1,0,0,0,0,1,0,0,0,0,1,0
35.91,0,0,0,0,0,0,0,0,0,0,1,0,0,0,0,0,0,0,48,1,0,0,0,0,1,0,0,1,0,0,0
15.06,0,0,0,0,0,0,0,0,0,0,0,1,0,0,0,0,0,0,77,0,0,1,0,1,0,0,0,1,0,0,0
34.78,0,0,1,0,0,0,0,0,0,0,0,0,0,0,0,0,0,0,39,1,0,0,0,1,0,0,0,1,0,0,0
32.67,0,0,1,0,0,0,0,0,0,0,0,0,0,0,0,0,0,0,52,1,0,0,0,1,0,0,0,1,0,0,0
38.02,0,0,0,0,0,0,0,0,0,0,0,0,0,0,0,0,0,1,82,0,0,0,1,0,1,0,0,0,1,0,0
25.47,0,0,0,0,0,0,0,1,0,0,0,0,0,0,0,0,0,0,50,1,0,0,0,0,1,0,0,0,1,0,0
90.12,0,0,0,0,0,0,0,0,0,1,0,0,0,0,0,0,0,0,50,0,0,0,1,0,1,0,1,0,0,0,0
200.52,1,0,0,0,0,0,0,0,0,0,0,0,0,0,0,0,0,0,80,0,1,0,0,0,1,0,0,1,0,0,0
21.69,0,0,0,0,0,0,0,0,0,0,0,0,0,0,0,0,0,1,61,0,0,1,0,1,0,0,0,0,1,0,0
21.16,0,0,0,1,0,0,0,0,0,0,1,0,0,0,1,0,0,0,47,0,0,0,1,0,1,0,0,1,0,0,0
9.87,0,0,0,0,0,0,0,0,0,0,0,0,0,0,1,0,0,0,46,0,0,1,0,0,1,0,0,1,0,0,0
45.88,1,0,0,0,0,0,0,0,0,0,0,0,0,0,1,0,0,0,44,0,0,0,1,1,0,0,1,0,0,0,0
168.66,0,1,0,0,0,0,0,0,0,0,1,0,0,0,0,0,0,0,100,0,1,0,0,0,1,0,0,0,1,0,0
17.78,0,0,0,0,0,0,0,0,0,0,1,0,0,0,0,0,0,0,51,1,0,0,0,1,0,0,0,0,1,0,0
21.51,0,0,0,0,0,0,0,1,0,0,0,0,0,0,1,0,0,0,45,0,0,1,0,0,1,0,0,1,0,0,0
171.02,0,0,0,0,0,0,0,0,0,0,0,0,0,0,1,0,0,0,68,0,1,0,0,1,0,0,0,1,0,0,0
37.37,0,0,0,0,0,0,0,0,0,0,0,0,0,0,1,0,0,1,76,0,0,0,1,0,1,0,0,1,0,0,0
58.9,0,0,0,0,0,0,0,1,0,0,0,0,0,0,0,0,0,0,82,0,1,0,0,1,0,0,0,0,0,1,0
32.3,0,0,0,0,0,0,0,0,0,1,0,0,0,0,0,0,0,0,42,1,0,0,0,1,0,0,1,0,0,0,0
15.81,0,1,0,0,0,0,0,0,0,0,0,0,0,0,0,0,0,0,54,0,0,1,0,0,1,0,0,1,0,0,0
230.73,0,0,0,0,0,0,0,0,0,0,1,0,0,0,1,0,0,0,87,0,1,0,0,1,0,0,0,1,0,0,0
23.09,0,0,0,0,0,0,1,0,0,0,0,0,0,0,0,0,0,0,38,0,0,1,0,0,1,0,1,0,0,0,0
17.77,0,0,0,0,0,0,0,0,0,0,1,0,0,0,0,0,0,0,51,1,0,0,0,1,0,0,0,0,1,0,0
39.53,0,0,1,0,0,0,0,0,0,0,0,0,0,0,0,0,0,0,42,1,0,0,0,0,1,0,0,1,0,0,0
55.92,0,0,0,0,0,0,0,0,0,0,1,0,0,0,0,0,0,0,49,0,0,0,1,1,0,0,0,0,1,0,0
66.94,0,0,0,0,0,0,0,1,0,0,0,0,0,0,0,0,0,0,85,0,1,0,0,1,0,0,0,0,0,1,0
52.58,0,0,0,0,1,0,0,1,0,0,0,0,0,0,0,0,0,0,86,0,1,0,0,0,1,0,0,0,0,1,0
110.0,0,0,0,0,0,0,0,0,0,0,0,0,0,0,0,0,0,1,72,0,0,0,1,0,1,0,1,0,0,0,0
166.58,0,0,0,0,0,0,0,0,0,0,0,0,0,0,0,0,0,1,82,0,1,0,0,0,1,0,0,0,1,0,0
43.15,0,0,0,0,0,0,0,1,0,0,0,0,0,0,0,0,0,0,50,0,0,0,1,1,0,0,0,0,1,0,0
119.79,0,0,1,0,0,0,0,0,0,0,1,0,0,0,0,0,0,0,66,0,1,0,0,1,0,0,0,0,1,0,0
22.11,0,1,0,1,0,0,0,1,0,0,0,0,0,0,0,0,0,0,76,1,0,0,0,0,1,0,0,1,0,0,0
13.62,0,0,0,0,0,0,0,0,0,1,0,0,0,0,0,0,0,0,50,1,0,0,0,1,0,0,0,0,0,1,0
14.34,0,0,0,0,0,0,0,0,0,0,0,0,0,0,0,0,0,1,60,0,0,1,0,0,1,0,0,0,1,0,0
153.44,0,0,0,0,0,0,0,0,0,0,0,0,0,0,0,0,0,1,100,0,1,0,0,1,0,0,1,0,0,0,0
23.23,0,0,0,0,0,1,0,0,0,0,0,0,0,0,0,0,0,0,62,0,0,1,0,0,1,0,0,0,1,0,0
65.51,0,0,0,0,0,0,0,1,0,0,0,0,0,0,0,0,0,0,83,0,1,0,0,0,1,0,0,0,0,1,0
30.2,1,0,0,0,0,0,0,0,0,0,0,0,0,0,0,0,0,0,39,1,0,0,0,0,1,0,0,0,1,0,0
61.94,0,0,0,0,0,0,0,0,0,0,0,0,0,1,0,0,0,0,46,1,0,0,0,0,1,0,1,0,0,0,0
18.7,0,0,0,0,0,0,0,0,0,0,0,0,0,0,0,0,0,1,71,1,0,0,0,1,0,0,0,0,1,0,0
22.86,1,0,1,0,0,0,0,0,0,0,0,0,0,0,1,0,0,0,40,0,0,1,0,0,1,0,0,0,1,0,0
111.71,0,0,0,0,0,0,1,0,0,0,0,0,0,0,0,0,0,0,38,0,0,0,1,0,1,0,1,0,0,0,0
9.81,0,0,0,0,0,0,0,0,0,0,0,0,0,0,1,0,0,0,47,0,0,1,0,0,1,0,0,0,0,1,0
169.32,0,0,0,0,0,0,0,0,0,0,0,0,0,0,1,0,0,0,90,0,1,0,0,0,1,0,0,1,0,0,0
72.18,0,0,0,0,1,0,0,0,0,0,0,0,0,0,0,0,0,0,92,0,1,0,0,1,0,0,0,0,0,1,0
22.5,1,0,0,0,0,0,0,0,0,0,0,0,0,0,0,0,0,0,40,1,0,0,0,1,0,0,0,1,0,0,0
117.9,0,0,0,1,0,0,0,0,0,0,1,0,0,0,0,0,0,0,83,0,1,0,0,1,0,0,0,1,0,0,0
202.89,0,0,0,1,0,0,0,0,0,0,0,0,0,0,0,0,0,0,86,0,1,0,0,0,1,0,0,0,1,0,0
8.99,0,1,0,0,0,0,0,0,0,0,1,0,0,0,0,0,0,0,72,0,0,1,0,1,0,0,0,1,0,0,0
25.49,0,0,0,0,0,0,0,1,0,0,0,0,0,0,0,0,0,0,52,1,0,0,0,1,0,0,0,0,1,0,0
23.78,0,0,0,0,0,0,0,0,0,0,1,0,0,0,0,0,0,0,67,0,0,0,1,0,1,0,0,1,0,0,0
17.09,0,0,0,0,0,0,0,1,0,0,0,0,0,0,0,0,0,0,48,0,0,1,0,1,0,0,0,0,1,0,0
16.24,0,1,0,0,0,0,0,0,0,0,0,0,0,0,0,0,0,0,57,0,0,1,0,1,0,0,0,0,1,0,0
55.88,0,0,0,0,0,1,0,0,0,0,0,0,0,0,0,0,0,0,68,0,0,0,1,0,1,0,0,1,0,0,0
16.96,0,0,0,1,0,0,0,0,0,0,0,0,1,0,0,0,1,0,52,0,0,0,1,1,0,0,0,0,0,1,0
36.42,0,0,0,0,0,0,0,0,0,0,0,1,0,0,0,0,0,0,81,1,0,0,0,0,1,0,0,1,0,0,0
66.97,0,0,0,0,0,0,0,0,0,0,0,0,0,1,0,0,0,0,56,1,0,0,0,0,1,0,1,0,0,0,0
25.86,0,0,0,0,0,0,0,0,0,0,0,0,0,0,1,0,0,0,50,0,0,0,1,0,1,0,0,0,0,1,0
3.87,0,0,0,0,0,0,0,0,0,1,0,0,0,0,0,0,0,0,42,0,0,1,0,0,1,0,0,0,0,1,0
23.63,0,0,0,0,0,0,0,1,0,0,0,0,0,0,0,0,0,0,62,0,0,0,1,1,0,0,0,0,1,0,0
13.67,0,0,0,0,0,0,0,0,0,1,0,0,0,0,0,0,0,0,48,1,0,0,0,0,1,0,0,0,0,1,0
18.81,0,0,0,0,0,0,0,0,0,0,0,0,1,0,0,0,0,0,60,1,0,0,0,1,0,0,0,0,0,1,0
23.87,0,0,0,0,0,0,0,0,0,0,0,1,0,0,0,0,0,0,87,1,0,0,0,1,0,0,0,1,0,0,0
3.99,0,0,1,1,0,0,0,0,0,0,0,0,1,0,0,0,0,0,51,0,0,1,0,0,1,0,0,0,0,1,0
47.76,0,0,0,0,0,0,0,0,0,0,0,0,0,0,1,0,0,0,90,0,1,0,0,1,0,0,0,0,0,1,0
110.44,0,0,1,0,0,0,0,0,0,0,0,0,0,0,0,0,0,0,83,0,1,0,0,1,0,0,0,1,0,0,0
271.47,0,0,0,0,0,0,0,0,0,0,0,0,0,1,0,0,0,0,86,0,1,0,0,0,1,0,1,0,0,0,0
24.09,0,0,0,0,0,0,0,0,0,0,0,0,0,0,1,0,0,0,57,1,0,0,0,0,1,0,0,1,0,0,0
295.91,0,0,0,0,0,0,0,0,0,0,0,0,0,0,0,0,0,1,100,0,1,0,0,1,0,0,1,0,0,0,0
184.14,0,0,0,0,0,0,0,0,0,0,0,0,0,1,0,0,0,0,86,0,1,0,0,1,0,0,1,0,0,0,0
24.76,0,0,0,0,0,0,0,0,0,0,0,0,1,0,0,0,0,0,53,0,0,0,1,0,1,0,0,0,0,1,0
18.57,0,0,0,0,0,0,0,1,0,0,0,0,0,0,0,0,0,0,42,0,0,1,0,0,1,0,0,1,0,0,0
187.52,1,0,0,0,0,0,0,0,0,0,0,0,0,0,0,0,0,0,83,0,1,0,0,1,0,0,1,0,0,0,0
18.2,0,0,0,0,1,0,0,0,0,0,0,0,0,0,0,0,0,0,58,1,0,0,0,0,1,0,0,0,0,1,0
13.35,0,0,0,0,0,0,0,0,0,0,0,0,1,0,0,0,0,0,56,1,0,0,0,1,0,0,0,0,0,1,0
145.16,1,0,0,0,0,0,0,0,0,0,0,0,0,0,0,0,0,0,79,0,1,0,0,1,0,0,1,0,0,0,0
15.27,0,0,1,0,1,0,0,0,0,0,0,0,0,0,0,0,1,0,60,0,0,0,1,1,0,0,0,0,0,1,0
20.61,0,0,0,0,0,0,0,0,0,0,0,0,0,0,1,0,0,0,57,0,0,1,0,0,1,0,0,0,1,0,0
13.97,1,0,0,0,0,0,0,0,0,0,0,0,0,0,0,0,0,0,43,0,0,1,0,0,1,0,0,0,1,0,0
9.57,0,0,0,0,0,0,0,0,0,0,0,0,0,0,0,0,1,0,50,1,0,0,0,1,0,0,0,0,0,1,0
124.69,1,0,0,0,0,0,1,0,0,0,0,0,0,1,0,0,0,0,81,0,1,0,0,1,0,0,1,0,0,0,0
65.38,0,0,0,0,0,0,0,0,0,0,0,0,1,0,0,0,0,0,93,0,1,0,0,1,0,0,0,0,0,1,0
11.43,1,0,0,0,0,0,0,0,0,0,0,0,0,0,0,0,0,0,39,0,0,1,0,0,1,0,0,0,1,0,0
25.05,0,0,0,1,0,0,0,0,0,0,1,0,0,0,0,0,0,0,37,1,0,0,0,0,1,0,0,0,1,0,0
199.88,0,0,0,0,0,0,1,0,0,0,0,0,0,0,0,0,0,0,80,0,1,0,0,0,1,0,1,0,0,0,0
14.84,0,0,0,0,0,0,0,0,0,0,0,0,0,0,0,0,0,1,60,0,0,1,0,1,0,0,0,1,0,0,0
92.86,1,0,0,0,0,0,0,0,0,1,0,0,0,0,0,0,0,1,85,0,0,0,1,1,0,0,1,0,0,0,0
122.57,0,0,0,0,0,1,0,0,0,0,0,0,0,0,0,0,0,0,100,0,1,0,0,1,0,0,0,1,0,0,0
143.06,0,0,0,0,0,0,0,0,0,0,0,1,0,0,0,0,0,0,100,0,1,0,0,0,1,0,0,0,1,0,0
15.69,0,0,0,0,0,0,0,0,0,0,0,0,0,0,1,0,0,0,50,1,0,0,0,1,0,0,0,1,0,0,0
21.82,0,1,0,0,0,0,0,1,0,0,0,0,0,0,0,0,0,1,80,1,0,0,0,0,1,0,0,1,0,0,0
18.45,0,0,0,1,1,0,0,0,0,0,0,0,0,0,0,0,1,0,53,1,0,0,0,1,0,0,0,0,0,1,0
42.84,0,0,0,1,0,0,0,0,0,0,0,0,0,0,0,0,0,0,45,0,0,0,1,0,1,0,0,1,0,0,0
61.99,0,0,0,0,1,0,0,1,0,0,0,0,0,0,0,0,0,0,94,0,1,0,0,1,0,0,0,0,0,1,0
37.58,0,0,0,0,0,0,0,0,0,0,1,0,0,0,0,0,0,0,58,0,0,0,1,1,0,0,0,1,0,0,0
35.48,0,0,0,0,0,0,0,0,0,0,0,0,0,0,0,0,0,1,67,0,0,1,0,1,0,0,1,0,0,0,0
18.97,0,0,0,0,0,0,0,0,0,0,0,1,0,0,0,0,0,0,78,0,0,1,0,0,1,0,0,0,1,0,0
34.17,0,0,0,0,0,0,0,0,0,0,0,0,0,0,1,0,0,0,46,0,0,1,0,1,0,0,1,0,0,0,0
329.25,0,0,1,0,0,0,0,0,0,0,0,0,0,0,0,0,0,0,54,0,1,0,0,1,0,0,1,0,0,0,0
23.13,1,0,0,0,0,1,0,0,0,0,0,0,0,0,0,0,0,1,76,0,0,1,0,1,0,0,0,1,0,0,0
214.98,0,0,1,0,0,0,0,0,0,0,0,0,0,0,1,0,0,0,92,0,1,0,0,1,0,0,1,0,0,0,0
30.05,0,0,0,0,0,0,0,0,0,0,0,0,0,0,0,0,0,1,74,1,0,0,0,1,0,0,0,0,1,0,0
160.1,0,0,0,0,0,1,0,0,0,0,0,0,0,0,0,0,0,0,100,0,1,0,0,1,0,0,0,1,0,0,0
115.15,0,0,0,0,0,0,1,0,0,0,0,0,0,0,1,0,0,0,63,0,0,0,1,1,0,0,1,0,0,0,0
15.05,0,0,0,1,0,0,0,0,0,0,0,0,0,0,0,0,0,1,75,0,0,1,0,0,1,0,0,1,0,0,0
13.97,0,0,0,0,1,0,0,0,0,0,0,0,0,0,0,0,0,0,59,0,0,0,1,0,1,0,0,0,0,1,0
38.68,0,0,1,1,0,1,0,0,0,0,0,0,0,0,0,0,0,0,64,1,0,0,0,0,1,0,0,0,1,0,0
52.54,0,1,0,0,0,0,0,0,0,0,0,1,0,0,1,0,0,0,87,0,0,0,1,1,0,0,0,1,0,0,0
72.68,0,0,0,0,0,0,1,0,0,0,0,0,0,0,0,0,0,0,39,0,0,0,1,0,1,0,1,0,0,0,0
187.44,0,1,0,0,0,0,0,0,0,0,0,0,0,0,0,0,0,0,70,0,1,0,0,1,0,0,0,1,0,0,0
157.52,0,0,0,0,0,0,0,1,0,0,0,0,0,0,0,0,0,0,83,0,1,0,0,1,0,0,0,1,0,0,0
23.44,0,0,0,1,0,0,0,0,0,0,0,0,0,0,0,0,0,0,36,0,0,1,0,0,1,0,0,1,0,0,0
200.69,0,1,0,0,0,0,0,0,0,0,0,0,0,0,0,0,0,0,90,0,1,0,0,0,1,0,0,0,1,0,0
119.79,1,0,0,0,0,0,0,0,0,0,0,0,0,0,0,0,0,0,79,0,1,0,0,1,0,0,0,0,1,0,0
36.79,1,0,0,1,0,0,0,0,0,0,1,0,0,0,0,0,0,0,51,1,0,0,0,1,0,0,0,1,0,0,0
59.78,0,1,0,0,0,0,0,0,0,0,0,1,0,0,0,0,0,1,60,0,0,0,1,0,1,0,0,0,1,0,0
15.2,0,0,0,1,0,0,0,0,0,0,0,0,0,0,0,0,0,0,45,0,0,0,1,1,0,0,0,0,0,1,0
29.79,0,0,0,0,0,0,0,0,0,0,0,0,0,0,1,0,0,0,46,0,0,1,0,0,1,0,1,0,0,0,0
10.86,0,0,0,0,0,0,0,0,0,0,0,0,0,0,0,0,0,1,64,0,0,1,0,1,0,0,0,1,0,0,0
59.69,0,0,0,0,0,0,1,0,0,0,0,0,0,0,0,0,0,1,76,0,0,0,1,1,0,0,1,0,0,0,0
239.37,0,0,0,0,0,1,0,0,0,0,0,0,0,0,0,0,0,0,100,0,1,0,0,0,1,0,0,0,1,0,0
339.7,1,0,0,0,0,0,1,0,0,0,0,0,0,0,0,0,0,1,100,0,1,0,0,0,1,0,1,0,0,0,0
34.95,1,0,0,0,0,1,0,0,0,0,0,0,0,0,1,0,0,0,74,1,0,0,0,0,1,0,0,0,1,0,0
73.36,0,0,0,0,1,0,0,1,0,0,0,0,0,0,0,0,0,0,97,0,1,0,0,0,1,0,0,0,0,1,0
190.53,0,0,1,1,0,0,0,0,0,0,0,0,0,0,0,0,0,0,54,0,1,0,0,1,0,0,0,0,1,0,0
190.05,0,0,0,1,0,0,0,0,0,0,0,0,0,0,1,0,0,0,94,0,1,0,0,0,1,0,0,0,1,0,0
21.73,0,0,0,0,0,0,0,0,0,0,0,0,0,0,0,0,0,1,64,0,0,1,0,0,1,0,1,0,0,0,0
25.93,0,1,0,0,0,0,0,0,0,0,0,0,0,0,0,0,0,0,67,1,0,0,0,1,0,0,0,0,1,0,0
85.48,1,0,0,0,0,0,0,0,0,0,0,0,0,0,0,0,0,0,40,0,0,0,1,0,1,0,1,0,0,0,0
64.62,0,0,0,0,0,0,0,0,0,1,0,0,0,0,0,0,0,0,59,1,0,0,0,1,0,0,1,0,0,0,0
68.24,0,0,0,0,0,0,0,0,0,0,0,0,0,0,0,0,0,1,61,1,0,0,0,1,0,0,1,0,0,0,0
305.8,0,0,0,0,0,0,0,0,0,1,0,0,0,0,0,0,0,0,65,0,1,0,0,1,0,0,1,0,0,0,0
7.81,0,0,0,0,0,0,0,0,0,0,0,0,1,0,0,0,0,0,59,0,0,1,0,0,1,0,0,0,0,1,0
213.17,1,0,0,0,0,0,0,0,0,0,0,0,0,0,0,0,0,0,81,0,1,0,0,1,0,0,1,0,0,0,0
118.76,0,0,0,0,0,0,0,0,0,0,0,0,0,0,0,0,0,1,100,0,1,0,0,0,1,0,0,0,1,0,0
19.62,0,0,0,0,0,0,0,0,0,1,0,0,0,0,0,0,0,0,42,0,0,0,1,0,1,0,0,0,0,1,0
163.28,0,0,1,1,0,0,0,0,0,0,0,0,0,0,0,0,0,1,90,0,1,0,0,0,1,0,0,1,0,0,0
42.78,0,0,0,0,0,1,0,0,0,0,0,0,0,0,0,0,0,0,74,0,0,0,1,1,0,0,0,1,0,0,0
253.09,0,0,0,0,0,0,0,0,0,0,0,0,0,1,0,0,0,0,87,0,1,0,0,1,0,0,1,0,0,0,0
109.11,0,0,0,0,0,0,0,1,0,0,0,0,0,0,0,0,0,0,91,0,1,0,0,0,1,0,0,1,0,0,0
233.8,0,0,0,0,0,0,0,0,0,1,0,0,0,0,0,0,0,0,82,0,1,0,0,1,0,0,1,0,0,0,0
75.05,0,0,0,0,0,0,1,0,0,0,0,0,0,1,1,0,0,0,76,0,0,0,1,0,1,0,1,0,0,0,0
131.08,0,0,0,0,0,0,0,0,0,0,0,1,0,0,0,0,0,0,100,0,1,0,0,0,1,0,0,1,0,0,0
53.72,0,0,0,0,0,0,0,1,0,0,0,0,0,0,0,0,0,0,63,0,1,0,0,1,0,0,0,0,0,1,0
19.51,0,0,0,0,0,1,0,0,0,0,0,0,0,0,0,0,0,0,58,0,0,1,0,0,1,0,0,0,1,0,0
33.53,0,0,0,0,0,0,1,0,0,0,0,0,0,0,0,0,0,0,38,0,0,1,0,0,1,0,1,0,0,0,0
8.79,0,0,1,0,0,0,0,0,0,0,0,0,0,0,0,0,0,1,69,0,0,1,0,1,0,0,0,0,1,0,0
70.17,0,0,0,0,0,0,0,1,0,0,0,0,0,0,0,0,0,0,81,0,1,0,0,0,1,0,0,0,0,1,0
18.93,0,1,0,0,0,1,0,0,0,0,1,0,0,0,0,0,0,0,66,1,0,0,0,1,0,0,0,1,0,0,0
14.04,0,0,0,1,0,0,0,0,0,0,0,0,0,0,0,0,0,0,36,0,0,0,1,1,0,0,0,0,0,1,0
17.45,0,0,0,0,0,0,0,0,0,1,0,0,0,0,0,0,0,0,49,0,0,0,1,1,0,0,0,0,0,1,0
220.27,0,1,1,0,0,0,0,0,0,0,0,0,0,0,0,0,0,1,90,0,1,0,0,1,0,0,0,1,0,0,0
9.72,0,0,1,0,0,0,0,0,0,0,0,0,0,0,0,0,0,0,52,1,0,0,0,0,1,0,0,0,0,1,0
25.05,1,0,0,0,0,0,0,1,0,0,0,0,0,0,0,0,0,0,62,1,0,0,0,1,0,0,0,0,1,0,0
167.18,0,0,1,0,0,0,1,0,0,0,0,0,0,0,1,0,0,0,88,0,1,0,0,1,0,0,1,0,0,0,0
36.57,1,0,0,0,0,0,0,0,0,1,0,0,0,0,1,0,0,0,42,0,0,1,0,0,1,0,1,0,0,0,0
18.81,1,0,0,0,0,0,0,0,0,0,0,1,0,0,1,0,0,0,73,0,0,1,0,0,1,0,0,0,1,0,0
10.59,0,0,0,0,0,0,0,1,0,0,0,0,0,0,0,0,0,0,42,1,0,0,0,1,0,0,0,0,0,1,0
79.06,0,0,0,0,0,0,0,0,0,0,0,0,0,0,0,0,0,1,81,1,0,0,0,0,1,0,1,0,0,0,0
149.18,0,1,0,0,0,0,0,0,0,0,0,0,0,0,0,0,0,0,81,0,1,0,0,0,1,0,0,1,0,0,0
37.8,0,0,0,0,0,0,0,1,0,0,0,0,0,0,0,0,0,0,85,0,1,0,0,0,1,0,0,0,0,1,0
180.65,0,0,0,0,0,0,0,0,0,0,0,0,0,1,1,0,0,1,100,0,1,0,0,1,0,0,1,0,0,0,0
76.62,0,0,0,0,0,0,0,0,0,1,0,0,0,0,0,0,0,0,52,0,0,0,1,0,1,0,1,0,0,0,0
31.65,0,0,0,0,0,0,0,0,0,1,0,0,0,0,0,0,0,0,39,1,0,0,0,1,0,0,1,0,0,0,0
16.26,1,0,0,0,0,0,0,1,0,0,0,0,0,0,0,0,0,1,72,0,0,1,0,0,1,0,0,0,1,0,0
49.59,0,0,0,0,0,1,0,0,0,0,0,0,0,0,0,0,0,0,73,0,0,0,1,0,1,0,0,1,0,0,0
167.86,0,0,0,1,0,0,0,0,0,0,0,0,0,0,0,0,0,0,85,0,1,0,0,1,0,0,0,0,1,0,0
75.99,1,0,0,0,0,0,0,0,0,1,0,0,0,0,0,0,0,1,72,0,0,0,1,1,0,0,1,0,0,0,0
83.28,0,0,1,0,0,0,0,0,0,0,0,0,0,0,0,0,0,0,34,0,0,0,1,1,0,0,1,0,0,0,0
31.13,0,0,0,1,0,0,0,1,0,0,0,0,0,0,0,0,0,0,42,1,0,0,0,0,1,0,0,0,1,0,0
64.62,0,0,0,0,0,0,0,1,0,0,0,0,0,0,0,0,0,0,82,0,1,0,0,0,1,0,0,0,0,1,0
59.01,0,0,0,0,1,0,0,0,0,0,0,0,0,0,0,0,0,0,78,0,1,0,0,1,0,0,0,0,0,1,0
19.51,1,0,0,0,0,0,0,0,0,0,0,0,0,0,0,0,0,0,39,1,0,0,0,0,1,0,0,0,1,0,0
18.6,0,0,0,0,0,0,0,0,0,0,0,0,0,0,1,0,0,0,56,1,0,0,0,1,0,0,0,1,0,0,0
20.13,0,1,0,0,0,0,0,0,0,0,0,0,0,0,0,0,0,0,60,0,0,1,0,1,0,0,0,1,0,0,0
156.33,0,0,0,1,0,0,0,0,0,0,0,0,0,0,0,0,0,0,76,0,1,0,0,0,1,0,0,0,1,0,0
181.94,0,0,0,0,0,0,0,0,0,1,0,0,0,0,0,0,0,0,82,0,1,0,0,1,0,0,1,0,0,0,0
140.37,1,0,0,0,0,0,0,0,0,0,0,0,0,0,1,0,0,0,87,0,1,0,0,0,1,0,0,1,0,0,0
41.62,0,0,0,0,0,0,0,0,0,0,0,0,0,0,1,0,0,0,70,0,0,0,1,0,1,0,0,1,0,0,0
11.97,0,0,0,1,0,0,0,0,0,0,0,0,0,0,0,0,0,0,42,1,0,0,0,1,0,0,0,0,0,1,0
40.27,0,0,0,0,0,0,0,0,0,0,0,0,0,0,1,0,0,0,46,0,0,1,0,0,1,0,1,0,0,0,0
24.88,0,0,0,0,0,0,0,0,0,0,1,1,0,0,1,0,0,0,98,1,0,0,0,0,1,0,0,0,1,0,0
22.38,1,0,0,0,0,0,0,0,0,0,0,0,0,0,0,0,0,0,50,0,0,1,0,1,0,0,1,0,0,0,0
4.2,0,0,1,0,0,0,0,0,0,0,0,0,0,0,0,0,0,0,36,0,0,1,0,0,1,0,0,0,0,1,0
111.62,0,0,1,0,0,0,0,0,0,0,0,0,0,0,0,0,0,0,52,0,0,0,1,1,0,0,1,0,0,0,0
31.79,0,0,1,0,0,0,0,0,0,0,0,0,0,0,0,0,0,0,53,1,0,0,0,1,0,0,1,0,0,0,0
76.49,0,0,0,0,0,0,0,0,0,1,0,0,0,0,0,0,0,0,49,1,0,0,0,1,0,0,1,0,0,0,0
22.27,0,0,0,1,0,0,0,0,0,0,0,0,0,0,0,0,0,0,49,0,0,0,1,1,0,0,0,0,0,1,0
36.21,0,0,1,0,0,0,0,0,0,0,0,0,0,0,0,0,0,0,33,0,0,1,0,0,1,0,1,0,0,0,0
47.48,0,0,0,0,0,0,0,1,0,0,0,0,0,0,0,0,0,0,88,0,1,0,0,1,0,0,0,0,0,1,0
15.19,0,0,0,0,1,0,0,0,0,1,0,0,0,0,0,0,1,0,39,0,0,0,1,0,1,0,0,0,0,1,0
43.14,0,0,0,0,0,0,0,0,0,0,0,0,0,1,0,0,0,0,57,0,0,1,0,0,1,0,1,0,0,0,0
7.66,0,0,1,0,0,0,0,0,0,0,0,0,0,0,0,0,0,0,43,0,0,1,0,1,0,0,0,0,0,1,0
28.37,0,0,0,0,0,0,0,0,0,1,0,0,0,0,0,0,0,0,49,0,0,0,1,1,0,0,0,0,0,1,0
25.6,0,0,0,0,0,0,0,0,0,0,1,0,0,0,0,0,0,0,51,1,0,0,0,0,1,0,0,1,0,0,0
11.48,0,0,0,0,0,0,0,1,0,1,0,0,0,0,0,0,0,0,50,1,0,0,0,0,1,0,0,0,0,1,0
6.0,0,0,0,0,0,0,0,1,0,1,0,0,0,0,0,0,1,0,42,0,0,1,0,0,1,0,0,0,0,1,0
18.75,0,0,1,0,0,0,0,0,0,0,0,0,1,0,0,0,0,0,71,1,0,0,0,1,0,0,0,0,0,1,0
30.65,0,0,0,0,0,0,0,1,0,0,0,0,0,0,0,0,0,0,42,1,0,0,0,0,1,0,0,0,1,0,0
261.98,0,0,1,0,0,0,0,0,0,0,0,0,0,1,0,0,0,0,83,0,1,0,0,1,0,0,1,0,0,0,0
64.29,0,0,0,0,0,0,0,1,0,0,0,0,0,0,0,0,0,0,85,0,1,0,0,0,1,0,0,0,0,1,0
16.84,0,0,0,0,0,0,0,0,0,0,0,0,0,0,1,0,0,0,53,1,0,0,0,0,1,0,0,0,0,1,0
175.93,1,0,0,0,0,0,0,0,0,0,0,0,0,0,0,0,0,0,80,0,1,0,0,0,1,0,1,0,0,0,0
23.05,0,0,0,1,0,0,0,0,0,0,0,0,0,0,0,0,0,0,42,0,0,1,0,0,1,0,0,0,1,0,0
24.49,0,0,0,0,0,0,0,1,0,0,0,0,0,0,0,0,0,0,42,0,0,1,0,0,1,0,0,0,1,0,0
35.75,0,0,0,0,0,0,0,0,0,0,0,0,0,1,1,0,0,1,95,1,0,0,0,0,1,0,1,0,0,0,0
13.09,0,0,0,0,0,0,0,0,0,0,0,0,0,0,0,0,0,1,67,0,0,1,0,1,0,0,0,0,1,0,0
195.82,0,0,0,0,0,0,0,0,0,0,0,1,0,0,0,0,0,0,100,0,1,0,0,0,1,0,0,1,0,0,0
27.01,0,0,0,0,0,0,1,0,0,0,0,0,0,0,0,0,0,0,49,0,0,1,0,0,1,0,1,0,0,0,0
9.36,0,0,1,0,0,0,0,0,0,0,0,0,0,0,0,0,0,0,43,1,0,0,0,0,1,0,0,0,0,1,0
23.05,0,1,0,0,0,0,0,0,0,0,0,1,0,0,0,0,0,0,78,0,0,1,0,0,1,0,0,1,0,0,0
21.54,0,0,0,0,0,1,0,0,0,0,0,0,0,0,1,0,0,0,60,1,0,0,0,0,1,0,0,1,0,0,0
29.61,0,1,0,1,0,1,0,0,0,0,0,0,0,0,0,0,0,0,74,0,0,0,1,1,0,0,0,0,1,0,0
35.13,0,0,0,0,0,0,0,0,0,0,0,1,0,0,0,0,0,0,100,0,0,0,1,1,0,0,0,1,0,0,0
25.94,1,0,0,0,0,0,0,0,0,0,0,0,0,0,0,0,0,0,50,0,0,0,1,0,1,0,0,0,1,0,0
19.41,0,0,0,0,0,0,0,0,0,0,0,0,0,0,0,0,1,0,50,0,0,0,1,0,1,0,0,0,0,1,0
206.87,0,0,0,1,0,0,0,0,0,0,0,0,0,0,0,0,0,0,79,0,1,0,0,1,0,0,0,1,0,0,0
37.37,1,0,0,0,0,0,0,0,0,0,0,0,0,0,0,0,0,0,43,1,0,0,0,1,0,0,0,1,0,0,0
156.12,0,0,1,0,0,0,0,1,0,0,1,0,0,0,0,0,0,0,87,0,1,0,0,0,1,0,0,1,0,0,0
59.16,0,0,0,0,0,0,0,0,0,0,0,0,0,1,0,0,0,0,50,1,0,0,0,1,0,0,1,0,0,0,0
157.36,0,0,0,0,0,1,0,0,0,0,0,0,0,0,0,0,0,0,100,0,1,0,0,0,1,0,0,0,1,0,0
27.54,0,0,0,1,0,1,0,0,0,0,0,0,0,0,0,0,0,0,64,1,0,0,0,0,1,0,0,0,1,0,0
47.0,1,1,0,0,0,0,0,0,0,0,0,1,0,0,0,0,0,0,73,0,0,0,1,1,0,0,0,0,1,0,0
13.89,0,0,1,0,0,0,0,1,0,0,0,0,0,0,0,0,0,0,49,0,0,1,0,1,0,0,0,0,1,0,0
58.15,1,0,0,0,0,0,0,0,0,0,0,0,0,0,0,0,0,0,53,0,0,0,1,0,1,0,1,0,0,0,0
112.88,0,0,1,0,0,0,0,1,0,0,0,1,0,0,0,0,0,0,100,0,1,0,0,0,1,0,0,0,1,0,0
29.44,0,0,1,0,0,0,0,0,0,0,1,0,0,0,0,0,0,0,38,1,0,0,0,0,1,0,0,0,1,0,0
293.1,1,0,0,0,0,0,0,0,0,0,0,0,0,0,0,0,0,0,70,0,1,0,0,1,0,0,1,0,0,0,0
42.73,0,0,0,0,0,0,0,0,0,0,0,0,0,0,1,0,0,0,56,0,0,0,1,1,0,0,0,1,0,0,0
116.3,0,0,0,0,0,1,0,0,0,0,0,0,0,0,0,0,0,0,100,0,1,0,0,1,0,0,0,1,0,0,0
23.78,0,0,0,0,0,0,0,1,0,0,0,0,0,0,0,0,0,0,47,0,0,0,1,1,0,0,0,0,0,1,0
12.95,0,0,0,0,0,0,0,1,0,0,0,0,0,0,0,0,0,0,45,0,0,1,0,0,1,0,0,1,0,0,0
36.49,0,0,0,0,0,1,0,0,0,0,0,0,0,0,0,0,0,0,68,1,0,0,0,1,0,0,0,1,0,0,0
135.82,0,0,1,0,0,0,0,0,0,0,0,0,0,1,0,0,0,1,100,0,1,0,0,0,1,0,1,0,0,0,0
20.19,0,1,0,0,0,0,0,0,0,0,0,0,0,0,0,0,0,0,52,0,0,1,0,1,0,0,0,1,0,0,0
52.97,0,0,0,0,1,0,0,0,0,0,0,0,0,0,0,0,0,0,88,0,1,0,0,0,1,0,0,0,0,1,0
14.69,0,0,0,0,1,0,0,1,0,0,0,0,0,0,1,0,0,0,55,1,0,0,0,1,0,0,0,0,0,1,0
70.77,0,0,0,0,0,0,0,0,0,1,0,0,0,0,0,0,0,0,39,0,0,0,1,0,1,0,1,0,0,0,0
41.51,0,0,0,0,0,1,0,1,0,0,1,0,0,0,0,0,0,0,64,0,0,0,1,0,1,0,0,0,1,0,0
26.27,0,0,1,0,0,0,0,0,0,0,0,0,0,0,0,0,0,0,36,1,0,0,0,1,0,0,0,0,1,0,0
291.57,0,0,0,0,0,0,1,0,0,0,0,0,0,0,0,0,0,0,88,0,1,0,0,0,1,0,1,0,0,0,0
49.95,0,0,0,0,0,0,0,1,0,0,0,0,0,0,0,0,0,0,50,0,0,0,1,1,0,0,0,0,1,0,0
62.33,0,0,0,0,0,0,1,0,0,0,0,0,0,0,1,0,0,0,49,0,0,0,1,0,1,0,1,0,0,0,0
200.71,0,0,0,0,0,0,0,0,0,0,1,0,0,0,0,0,0,0,89,0,1,0,0,0,1,0,0,1,0,0,0
32.42,0,0,1,0,0,0,0,0,0,0,0,0,0,0,0,0,0,0,42,1,0,0,0,0,1,0,0,1,0,0,0
10.66,0,0,0,0,0,0,0,0,0,1,0,0,0,0,0,0,0,0,42,1,0,0,0,0,1,0,0,0,0,1,0
79.41,0,0,0,0,0,0,0,0,0,1,0,0,0,0,0,0,0,0,42,1,0,0,0,1,0,0,1,0,0,0,0
19.18,0,0,0,0,0,0,0,0,0,0,1,0,0,0,0,0,0,0,47,1,0,0,0,1,0,0,0,1,0,0,0
35.8,0,0,0,0,0,1,0,0,0,0,0,0,0,0,0,0,0,0,58,0,0,0,1,1,0,0,0,1,0,0,0
23.08,0,0,0,0,0,0,0,0,0,1,0,0,0,0,0,0,0,0,48,0,0,0,1,0,1,0,0,0,0,1,0
9.14,0,0,0,1,0,0,0,0,0,0,0,0,0,0,0,0,0,0,45,0,0,1,0,0,1,0,0,0,1,0,0
59.13,0,0,0,0,1,0,0,0,0,0,0,0,1,0,1,0,0,0,88,0,1,0,0,0,1,0,0,0,0,1,0
46.65,0,0,0,1,0,0,0,0,0,0,0,0,0,0,0,0,0,0,46,0,0,0,1,0,1,0,0,0,1,0,0
10.42,0,0,0,0,1,0,0,0,0,0,0,0,0,0,0,0,0,0,60,0,0,0,1,0,1,0,0,0,0,1,0
27.47,0,0,0,0,0,0,0,0,0,0,0,0,0,0,0,0,0,1,67,1,0,0,0,0,1,0,0,1,0,0,0
141.72,1,0,0,0,0,0,0,0,0,0,0,1,0,0,0,0,0,1,89,0,1,0,0,0,1,0,0,0,1,0,0
11.5,0,0,0,1,0,0,0,0,0,0,0,0,0,0,1,0,0,0,43,0,0,1,0,0,1,0,0,0,1,0,0
18.71,0,0,0,0,0,0,0,0,0,0,0,1,0,0,0,0,0,0,81,0,0,1,0,0,1,0,0,1,0,0,0
18.14,0,0,0,0,0,0,0,1,0,0,0,1,0,0,0,0,0,0,73,1,0,0,0,0,1,0,0,1,0,0,0
208.25,0,0,0,0,0,0,0,0,0,0,0,1,0,0,0,0,0,0,100,0,1,0,0,0,1,0,0,0,1,0,0
229.36,0,1,0,1,0,0,0,0,0,0,0,0,0,0,1,0,0,0,100,0,1,0,0,1,0,0,0,1,0,0,0
155.85,0,0,1,0,0,0,1,0,0,1,0,0,0,0,0,0,0,0,75,0,1,0,0,1,0,0,1,0,0,0,0
35.22,0,0,0,0,0,0,0,1,0,0,0,0,0,0,0,0,0,0,55,0,0,0,1,1,0,0,0,1,0,0,0
15.98,0,0,0,0,0,0,0,1,0,0,0,0,0,0,0,0,0,0,45,0,0,1,0,0,1,0,0,1,0,0,0
42.77,0,0,0,0,0,0,1,0,0,0,0,0,0,0,0,0,0,0,49,0,0,1,0,1,0,0,1,0,0,0,0
79.59,0,0,0,0,0,0,0,0,0,0,0,0,0,1,1,0,0,0,76,1,0,0,0,0,1,0,1,0,0,0,0
108.66,0,0,1,0,0,0,0,0,0,0,0,0,0,0,0,0,0,1,92,0,1,0,0,1,0,0,0,0,1,0,0
8.99,0,0,0,0,0,0,0,0,0,0,0,0,1,0,0,0,0,0,51,0,0,1,0,0,1,0,0,0,0,1,0
17.83,0,0,0,0,0,1,0,0,0,0,0,0,0,0,0,0,0,0,59,0,0,1,0,0,1,0,0,1,0,0,0
254.82,0,0,0,0,0,0,1,0,0,0,0,0,0,1,1,0,0,0,83,0,1,0,0,0,1,0,1,0,0,0,0
161.74,0,0,0,0,0,0,0,0,0,0,1,0,0,0,0,0,0,0,67,0,1,0,0,0,1,0,0,0,1,0,0
14.77,0,0,0,0,0,1,0,1,0,0,0,0,0,0,0,0,0,1,66,0,0,1,0,1,0,0,0,1,0,0,0
186.32,0,0,0,0,0,0,0,0,0,0,0,0,0,0,1,0,0,0,73,0,1,0,0,1,0,0,1,0,0,0,0
80.21,0,0,0,0,0,0,0,0,0,0,0,0,0,0,1,0,0,0,50,0,0,0,1,0,1,0,1,0,0,0,0
33.98,0,0,0,1,0,0,0,0,0,0,0,0,0,0,0,0,0,0,45,1,0,0,0,1,0,0,0,1,0,0,0
11.71,0,0,1,0,0,0,0,0,0,0,0,0,0,0,0,0,0,0,39,0,0,0,1,0,1,0,0,0,0,1,0
37.75,0,0,0,0,0,0,0,1,0,0,0,0,0,0,0,0,0,0,82,0,1,0,0,0,1,0,0,0,0,1,0
37.71,0,0,0,0,0,0,1,0,0,0,0,0,0,0,0,0,0,0,49,0,0,1,0,1,0,0,1,0,0,0,0
19.31,0,0,1,0,0,1,0,0,0,0,0,0,0,0,0,0,0,1,61,0,0,1,0,1,0,0,0,1,0,0,0
190.29,0,0,0,1,0,0,0,0,0,0,0,0,0,0,0,0,0,0,79,0,1,0,0,1,0,0,0,1,0,0,0
163.23,0,0,1,0,0,0,0,0,0,0,0,0,0,0,0,0,0,0,73,0,1,0,0,1,0,0,1,0,0,0,0
33.2,0,0,0,0,0,0,0,0,0,0,0,0,0,1,0,0,0,0,46,0,0,1,0,1,0,0,1,0,0,0,0
58.39,0,0,0,0,0,0,0,0,0,0,0,0,0,1,1,0,0,0,66,1,0,0,0,0,1,0,1,0,0,0,0
243.26,0,0,0,0,0,0,0,0,0,0,0,1,0,0,0,0,0,0,100,0,1,0,0,1,0,0,0,1,0,0,0
19.9,0,0,0,1,1,0,0,0,0,0,0,0,1,0,0,0,0,0,46,1,0,0,0,0,1,0,0,0,0,1,0
18.69,0,0,0,0,0,0,0,0,0,0,0,0,0,1,0,0,0,0,46,0,0,1,0,0,1,0,1,0,0,0,0
20.6,0,0,0,0,0,0,0,0,0,0,0,0,0,0,1,0,0,0,77,1,0,0,0,0,1,0,0,0,1,0,0
24.63,0,0,0,1,0,0,0,0,0,0,0,0,0,0,0,0,0,0,46,0,0,0,1,0,1,0,0,1,0,0,0
13.33,0,0,0,1,0,0,0,0,0,0,0,0,0,0,0,0,0,0,36,0,0,1,0,1,0,0,0,1,0,0,0
65.57,1,0,0,0,0,0,0,0,0,0,0,0,0,0,0,0,0,0,56,0,0,0,1,1,0,0,1,0,0,0,0
73.36,0,0,0,0,1,0,0,1,0,0,0,0,1,0,0,0,0,0,93,0,1,0,0,1,0,0,0,0,0,1,0
19.31,0,0,0,0,0,1,0,0,0,0,0,0,0,0,0,0,0,0,69,0,0,1,0,0,1,0,0,1,0,0,0
39.86,0,0,0,0,0,0,1,0,0,1,0,0,0,0,1,0,0,0,42,0,0,1,0,1,0,0,1,0,0,0,0
49.43,0,1,0,0,0,0,0,0,0,0,0,0,0,0,1,0,0,1,67,0,0,0,1,0,1,0,0,1,0,0,0
158.7,0,0,0,0,0,0,0,1,0,0,0,1,0,0,1,0,0,0,100,0,1,0,0,0,1,0,0,0,1,0,0
11.41,0,0,0,0,0,0,0,0,0,0,0,0,1,0,0,0,0,0,53,0,0,1,0,1,0,0,0,0,0,1,0
326.36,0,0,1,0,0,0,0,0,0,0,0,0,0,0,0,0,0,1,100,0,1,0,0,0,1,0,1,0,0,0,0
38.76,0,0,1,0,0,0,0,0,0,0,1,0,0,0,0,0,0,0,48,1,0,0,0,1,0,0,0,1,0,0,0
14.75,0,0,0,0,1,0,0,0,0,0,0,0,0,0,0,0,0,0,55,1,0,0,0,1,0,0,0,0,0,1,0
27.22,0,0,1,0,0,0,0,0,0,0,0,0,0,0,1,0,0,0,43,1,0,0,0,0,1,0,0,1,0,0,0
118.0,0,0,0,0,0,0,0,1,0,0,0,0,0,0,0,0,0,0,82,0,1,0,0,0,1,0,0,0,1,0,0
211.8,0,0,0,0,0,0,0,0,0,0,0,0,0,0,1,0,0,0,96,0,1,0,0,0,1,0,0,0,1,0,0
11.27,0,0,0,0,1,0,0,0,0,0,0,0,0,0,1,0,0,0,78,0,0,0,1,0,1,0,0,0,0,1,0
16.29,0,0,1,0,0,0,0,0,0,0,0,0,0,0,1,0,0,0,46,1,0,0,0,0,1,0,0,0,0,1,0
4.16,0,0,0,0,0,0,0,0,0,0,0,0,0,0,1,0,0,0,53,0,0,1,0,0,1,0,0,0,0,1,0
12.59,0,0,1,0,0,0,0,0,0,0,0,0,0,0,0,0,0,0,32,1,0,0,0,1,0,0,0,0,0,1,0
28.35,0,0,0,0,0,0,0,1,0,0,0,0,0,0,0,0,0,0,50,1,0,0,0,0,1,0,0,0,1,0,0
26.4,0,0,0,0,0,0,0,0,0,0,0,0,0,0,1,0,0,0,57,0,0,0,1,0,1,0,0,0,0,1,0
34.36,1,0,0,0,0,0,0,0,0,0,0,0,0,0,0,0,0,0,49,0,0,0,1,0,1,0,0,1,0,0,0
46.66,1,0,0,0,0,0,0,0,0,0,0,0,0,0,1,0,0,0,52,0,0,0,1,1,0,0,1,0,0,0,0
14.33,0,0,0,1,0,0,0,0,0,0,0,0,0,0,1,0,0,1,74,0,0,1,0,0,1,0,0,1,0,0,0
12.49,0,0,0,0,0,0,0,0,0,0,0,0,0,0,0,0,1,0,53,0,0,0,1,0,1,0,0,0,0,1,0
22.77,0,0,0,0,0,0,0,0,0,0,0,0,0,0,1,0,0,0,48,0,0,1,0,0,1,0,0,0,1,0,0
102.62,0,0,0,0,0,0,1,0,0,0,0,0,0,0,0,0,0,0,55,0,0,0,1,0,1,0,1,0,0,0,0
29.3,0,0,0,0,0,1,0,0,0,0,0,0,0,0,0,0,0,0,68,1,0,0,0,1,0,0,0,0,1,0,0
25.36,0,0,0,0,0,0,1,0,0,0,0,0,0,0,0,0,0,0,42,0,0,1,0,1,0,0,1,0,0,0,0
18.16,0,0,0,0,0,0,0,0,0,0,1,0,0,0,0,0,0,0,59,1,0,0,0,1,0,0,0,1,0,0,0
220.96,0,0,0,0,0,0,1,0,0,0,0,0,0,0,0,0,0,0,62,0,1,0,0,1,0,0,1,0,0,0,0
54.32,0,0,0,1,0,1,0,0,0,0,0,0,0,0,0,0,0,0,83,0,0,0,1,1,0,0,0,0,1,0,0
24.87,0,0,0,0,1,0,0,0,0,1,0,0,1,0,0,0,0,0,57,0,0,0,1,1,0,0,0,0,0,1,0
43.56,0,0,0,0,0,0,0,1,0,0,0,0,1,0,1,0,0,0,77,0,1,0,0,0,1,0,0,0,0,1,0
62.1,0,0,1,0,0,0,0,0,0,0,0,0,0,0,0,0,0,0,39,1,0,0,0,0,1,0,1,0,0,0,0
7.46,0,0,0,0,1,0,0,0,0,1,0,0,0,0,1,0,0,0,58,0,0,1,0,0,1,0,0,0,0,1,0
27.08,0,0,0,1,0,0,0,0,0,0,0,0,0,0,0,0,0,0,39,1,0,0,0,1,0,0,0,0,1,0,0
11.03,0,0,0,1,0,0,0,0,0,0,0,0,0,0,0,0,0,0,36,0,0,1,0,1,0,0,0,0,0,1,0
9.82,0,0,0,0,0,0,0,0,0,0,0,0,0,0,0,0,0,1,67,0,0,1,0,1,0,0,0,0,1,0,0
35.86,0,0,0,0,0,0,0,0,0,0,0,0,0,1,0,0,0,0,56,1,0,0,0,0,1,0,1,0,0,0,0
14.72,0,1,0,0,0,0,0,0,0,0,0,0,0,0,0,0,0,0,61,0,0,1,0,1,0,0,0,1,0,0,0
8.91,0,0,0,0,1,0,0,0,0,0,0,0,0,0,0,0,0,0,55,0,0,1,0,1,0,0,0,0,0,1,0
32.73,0,1,0,0,0,0,0,0,0,0,0,0,0,0,0,0,0,0,54,1,0,0,0,0,1,0,0,0,1,0,0
9.0,0,0,0,1,0,0,0,0,0,0,0,0,0,0,0,0,0,0,37,0,0,1,0,1,0,0,0,0,0,1,0
212.66,0,1,0,0,0,1,0,1,0,0,0,0,0,0,0,0,0,0,80,0,1,0,0,1,0,0,0,1,0,0,0
40.0,0,0,0,0,0,0,0,0,0,0,1,0,0,0,0,0,0,0,48,0,0,0,1,0,1,0,0,1,0,0,0
40.92,1,0,0,0,0,0,0,0,0,0,0,0,0,0,1,0,0,0,56,1,0,0,0,1,0,0,1,0,0,0,0
24.6,0,0,0,0,0,0,0,0,0,0,0,0,0,0,1,0,0,0,50,0,0,0,1,1,0,0,0,0,1,0,0
39.81,0,0,0,0,0,0,0,0,0,0,0,0,0,0,1,0,0,0,50,1,0,0,0,0,1,0,0,1,0,0,0
20.71,1,0,0,0,0,0,0,1,0,0,0,0,0,0,1,0,0,0,55,0,0,0,1,0,1,0,0,1,0,0,0
39.17,1,0,0,0,0,0,0,0,0,0,0,0,0,0,0,0,0,0,40,0,0,0,1,1,0,0,0,0,1,0,0
24.6,0,0,0,0,0,0,0,0,0,1,0,0,0,0,0,0,0,0,45,0,0,1,0,0,1,0,1,0,0,0,0
16.02,0,0,1,0,0,0,0,0,0,0,0,0,0,0,0,0,0,0,42,0,0,1,0,0,1,0,0,1,0,0,0
9.9,0,0,0,1,0,0,0,0,0,0,1,0,0,0,0,0,0,0,42,0,0,1,0,0,1,0,0,0,1,0,0
19.05,0,0,0,0,0,1,0,0,0,0,0,0,0,0,0,0,0,0,68,0,0,1,0,0,1,0,0,0,1,0,0
21.73,0,0,0,0,0,0,0,1,0,0,0,0,0,0,1,0,0,0,69,0,0,0,1,0,1,0,0,0,0,1,0
208.12,0,0,0,0,0,0,0,1,0,0,0,0,0,0,0,0,0,0,68,0,1,0,0,0,1,0,0,1,0,0,0
18.71,0,0,0,0,0,0,0,0,0,0,0,0,0,0,1,0,0,0,56,0,0,1,0,0,1,0,0,0,1,0,0
21.85,0,0,0,1,0,0,0,0,0,0,0,0,0,0,0,0,0,0,37,1,0,0,0,0,1,0,0,1,0,0,0
94.78,1,0,0,0,0,0,0,0,0,0,0,0,0,0,0,0,0,0,46,0,0,0,1,0,1,0,1,0,0,0,0
182.44,0,0,0,0,0,0,0,0,0,0,0,0,0,0,1,0,0,0,87,0,1,0,0,0,1,0,1,0,0,0,0
63.93,1,0,0,0,0,0,1,0,0,0,0,0,0,0,0,0,0,1,64,1,0,0,0,1,0,0,1,0,0,0,0
14.76,0,0,1,1,0,0,0,0,0,0,0,0,1,0,0,0,0,0,54,0,0,0,1,0,1,0,0,0,0,1,0
22.97,0,0,0,0,0,0,0,0,0,0,0,0,0,0,1,0,0,0,77,0,0,0,1,1,0,0,0,0,0,1,0
18.64,1,0,0,0,0,0,0,0,0,0,0,0,0,0,0,0,0,0,50,0,0,1,0,0,1,0,0,0,1,0,0
41.5,0,0,0,1,0,0,0,1,0,0,0,1,0,0,0,0,0,0,88,0,0,0,1,0,1,0,0,0,1,0,0
17.89,0,0,0,0,0,0,0,0,0,0,0,0,0,0,1,0,0,0,53,0,0,1,0,1,0,0,0,0,1,0,0
9.59,0,1,0,0,0,0,0,0,0,0,0,0,0,0,0,0,0,0,54,0,0,1,0,0,1,0,0,1,0,0,0
54.43,0,0,0,0,0,0,0,0,0,0,0,0,0,0,1,0,0,0,57,0,0,0,1,1,0,0,1,0,0,0,0
25.66,0,0,0,0,0,0,0,1,0,0,0,0,0,0,0,0,0,0,51,1,0,0,0,1,0,0,0,1,0,0,0
10.76,0,0,0,0,0,0,0,1,0,0,0,0,1,0,0,0,0,0,64,1,0,0,0,0,1,0,0,0,0,1,0
29.33,0,0,0,1,1,0,0,1,0,0,0,0,0,0,0,0,0,0,36,0,0,0,1,0,1,0,0,0,0,1,0
149.76,1,0,0,0,0,0,0,0,0,0,0,0,0,0,0,0,0,0,83,0,1,0,0,0,1,0,0,1,0,0,0
5.67,0,0,0,0,1,0,0,0,0,0,0,0,0,0,0,0,0,0,48,1,0,0,0,1,0,0,0,0,0,1,0
18.54,0,0,0,0,0,0,0,0,0,1,0,0,0,0,0,0,0,0,59,0,0,0,1,0,1,0,0,0,0,1,0
79.49,1,0,0,0,0,0,1,0,0,1,0,0,0,0,0,0,0,0,39,1,0,0,0,0,1,0,1,0,0,0,0
8.44,0,0,0,0,0,0,0,0,0,0,0,0,1,0,0,0,0,0,59,0,0,1,0,0,1,0,0,0,0,1,0
203.07,1,0,1,0,0,0,0,0,0,0,1,0,0,0,0,0,0,0,73,0,1,0,0,1,0,0,0,1,0,0,0
19.0,0,0,0,0,1,0,0,0,0,0,0,0,0,0,0,0,0,0,55,1,0,0,0,0,1,0,0,0,0,1,0
61.0,0,0,0,0,0,0,0,1,0,0,0,0,0,0,0,0,0,0,88,0,1,0,0,1,0,0,0,0,0,1,0
174.13,0,0,0,0,0,0,0,0,0,0,1,0,0,0,0,0,0,0,97,0,1,0,0,1,0,0,0,0,1,0,0
83.95,0,0,0,0,0,0,0,0,0,0,0,0,0,0,1,0,0,0,46,0,0,0,1,1,0,0,1,0,0,0,0
113.09,0,0,0,0,0,0,0,0,0,0,0,0,0,0,0,0,0,1,100,0,1,0,0,1,0,0,0,1,0,0,0
108.94,1,0,1,0,0,0,0,0,0,0,0,0,0,0,0,0,0,0,87,0,1,0,0,1,0,0,0,1,0,0,0
224.17,0,1,0,0,0,0,0,0,0,0,0,0,0,0,0,0,0,0,97,0,1,0,0,0,1,0,0,1,0,0,0
27.97,1,0,0,0,0,0,0,0,0,0,0,0,0,0,0,0,0,0,50,1,0,0,0,0,1,0,1,0,0,0,0
